city,pop_2018_est,place,city_y,area_land,place_type,pop_density,mh_spaces
Mead Valley,19925,46646,Mead Valley,19.08,Mead Valley CDP,1044.29,
Meridian,405,46926,Meridian,5.29,Meridian CDP,76.56,6.0
Mesa Verde,584,47066,Mesa Verde,4.3,Mesa Verde CDP,135.81,
Mexican Colony,363,47192,Mexican Colony,0.03,Mexican Colony CDP,12100.0,
Midpines,1396,47374,Midpines,24.53,Midpines CDP,56.91,11.0
Midway City,8374,47430,Midway City,0.61,Midway City CDP,13727.87,255.0
Milford,181,47472,Milford,5.29,Milford CDP,34.22,7.0
Minkler,1074,47822,Minkler,5.83,Minkler CDP,184.22,
Miranda,672,48060,Miranda,1.49,Miranda CDP,451.01,17.0
Monmouth,103,48592,Monmouth,0.31,Monmouth CDP,332.26,
Mono City,98,48602,Mono City,5.42,Mono City CDP,18.08,
Monson,380,48676,Monson,0.5,Monson CDP,760.0,
Maywood,27542,46492,Maywood,1.18,Maywood city,23340.68,
Monrovia,37006,48648,Monrovia,13.64,Monrovia city,2713.05,239.0
Palmdale,156904,55156,Palmdale,106.08,Palmdale city,1479.11,2098.0
Quartz Hill,10164,59052,Quartz Hill,3.76,Quartz Hill CDP,2703.19,
Redondo Beach,67700,60018,Redondo Beach,6.2,Redondo Beach city,10919.35,80.0
San Marino,13285,68224,San Marino,3.77,San Marino city,3523.87,
Santa Fe Springs,17791,69154,Santa Fe Springs,8.87,Santa Fe Springs city,2005.75,118.0
Sierra Madre,11006,71806,Sierra Madre,2.95,Sierra Madre city,3730.85,
Manhattan Beach,35573,45400,Manhattan Beach,3.94,Manhattan Beach city,9028.68,
San Rafael,58939,68364,San Rafael,16.57,San Rafael city,3556.97,397.0
Santa Venetia,4790,70154,Santa Venetia,3.65,Santa Venetia CDP,1312.33,
Sausalito,7139,70364,Sausalito,1.77,Sausalito city,4033.33,
Stinson Beach,556,74172,Stinson Beach,1.44,Stinson Beach CDP,386.11,
Bootjack,768,07525,Bootjack,7.0,Bootjack CDP,109.71,
Hayfork,2421,32562,Hayfork,72.1,Hayfork CDP,33.58,63.0
Lewiston,1340,41278,Lewiston,20.02,Lewiston CDP,66.93,122.0
Beaumont,45403,04758,Beaumont,30.02,Beaumont city,1512.43,387.0
Bermuda Dunes,6817,06028,Bermuda Dunes,2.95,Bermuda Dunes CDP,2310.85,
Rocklin,63127,62364,Rocklin,19.81,Rocklin city,3186.62,454.0
Grayson,1224,30882,Grayson,0.22,Grayson CDP,5563.64,
Keyes,6185,38422,Keyes,2.82,Keyes CDP,2193.26,4.0
Corcoran,22301,16224,Corcoran,7.5,Corcoran city,2973.47,120.0
Stratford,878,75252,Stratford,0.68,Stratford CDP,1291.18,
Laguna Hills,31185,39220,Laguna Hills,6.6,Laguna Hills city,4725.0,252.0
Alpaugh,1074,01164,Alpaugh,1.01,Alpaugh CDP,1063.37,
Farmersville,10742,23616,Farmersville,2.26,Farmersville city,4753.1,
Strathmore,2915,75280,Strathmore,1.41,Strathmore CDP,2067.38,40.0
Visalia,131066,82954,Visalia,37.89,Visalia city,3459.12,1312.0
Laguna Woods,16228,39259,Laguna Woods,3.34,Laguna Woods city,4858.68,
La Habra,61910,39290,La Habra,7.35,La Habra city,8423.13,510.0
Seal Beach,24364,70686,Seal Beach,11.28,Seal Beach city,2159.93,125.0
Villa Park,5912,82744,Villa Park,2.08,Villa Park city,2842.31,
Meadow Vista,3460,46632,Meadow Vista,5.28,Meadow Vista CDP,655.3,22.0
Hayward,158241,33000,Hayward,45.54,Hayward city,3474.77,2397.0
Livermore,89027,41992,Livermore,27.02,Livermore city,3294.86,443.0
Lemon Grove,26767,41124,Lemon Grove,3.88,Lemon Grove city,6898.71,44.0
Fetters Hot Springs-Agua Caliente,4697,23973,Fetters Hot Springs-Agua Caliente,1.46,Fetters Hot Springs-Agua Caliente CDP,3217.12,
Healdsburg,11802,33056,Healdsburg,4.46,Healdsburg city,2646.19,75.0
Petaluma,60635,56784,Petaluma,14.38,Petaluma city,4216.62,874.0
Mineral,292,47794,Mineral,44.3,Mineral CDP,6.59,
Red Bluff,14132,59892,Red Bluff,7.56,Red Bluff city,1869.31,721.0
Laytonville,1175,40928,Laytonville,5.37,Laytonville CDP,218.81,19.0
Montalvin Manor,3023,48718,Montalvin Manor,0.32,Montalvin Manor CDP,9446.88,
Monterey Park Tract,291,48916,Monterey Park Tract,0.05,Monterey Park Tract CDP,5820.0,
Monument Hills,1700,49045,Monument Hills,4.03,Monument Hills CDP,421.84,
Moskowite Corner,151,49432,Moskowite Corner,2.81,Moskowite Corner CDP,53.74,
Mountain Center,0,49544,Mountain Center,1.88,Mountain Center CDP,0.0,30.0
Mountain Gate,794,49558,Mountain Gate,1.98,Mountain Gate CDP,401.01,
Mountain House,15645,49582,Mountain House,3.19,Mountain House CDP,4904.39,
Mount Hermon,998,49796,Mount Hermon,0.65,Mount Hermon CDP,1535.38,
Mount Laguna,0,49810,Mount Laguna,1.7,Mount Laguna CDP,0.0,170.0
Myers Flat,0,50146,Myers Flat,0.43,Myers Flat CDP,0.0,1.0
Newcastle,1167,51000,Newcastle,2.39,Newcastle CDP,488.28,231.0
New Cuyama,763,51028,New Cuyama,0.71,New Cuyama CDP,1074.65,
Newell,342,51042,Newell,2.41,Newell CDP,141.91,
New Pine Creek,71,51168,New Pine Creek,2.27,New Pine Creek CDP,31.28,
Nicasio,106,51280,Nicasio,1.3,Nicasio CDP,81.54,
Nicolaus,166,51336,Nicolaus,3.14,Nicolaus CDP,52.87,3.0
Nipinnawasee,319,51470,Nipinnawasee,3.09,Nipinnawasee CDP,103.24,
Nord,426,51574,Nord,2.11,Nord CDP,201.9,
Norris Canyon,987,51622,Norris Canyon,3.7,Norris Canyon CDP,266.76,
North Gate,559,51890,North Gate,0.66,North Gate CDP,846.97,
North Richmond,4233,52162,North Richmond,1.39,North Richmond CDP,3045.32,
Elk Grove,168503,22020,Elk Grove,41.98,Elk Grove city,4013.89,202.0
El Dorado Hills,45599,21880,El Dorado Hills,48.46,El Dorado Hills CDP,940.96,131.0
West Point,571,84732,West Point,3.72,West Point CDP,153.49,42.0
Mountain View,80993,49670,Mountain View,11.99,Mountain View city,6755.05,1130.0
Bonsall,4464,07498,Bonsall,13.4,Bonsall CDP,333.13,18.0
Lake Forest,82911,39496,Lake Forest,16.63,Lake Forest city,4985.63,653.0
Santa Ana,333499,69000,Santa Ana,27.36,Santa Ana city,12189.29,3977.0
Lemoore,25791,41152,Lemoore,8.52,Lemoore city,3027.11,392.0
Poplar-Cotton Center,2436,58191,Poplar-Cotton Center,1.28,Poplar-Cotton Center CDP,1903.12,
La Presa,37437,40326,La Presa,5.5,La Presa CDP,6806.73,
Los Molinos,1845,44140,Los Molinos,2.18,Los Molinos CDP,846.33,253.0
Agoura Hills,20636,00394,Agoura Hills,7.8,Agoura Hills city,2645.64,
Mendocino,782,46814,Mendocino,2.26,Mendocino CDP,346.02,15.0
Eldridge,1351,21894,Eldridge,0.65,Eldridge CDP,2078.46,
Duarte,21713,19990,Duarte,6.7,Duarte city,3240.75,141.0
Fort Bragg,7298,25058,Fort Bragg,2.9,Fort Bragg city,2516.55,344.0
Solana Beach,13370,72506,Solana Beach,3.41,Solana Beach city,3920.82,
Rolling Hills,1630,62602,Rolling Hills,2.99,Rolling Hills city,545.15,
Whittier,86523,85292,Whittier,14.65,Whittier city,5906.01,583.0
North El Monte,4028,51820,North El Monte,0.42,North El Monte CDP,9590.48,
Cherryland,16387,12902,Cherryland,1.2,Cherryland CDP,13655.83,
Shingle Springs,3865,71554,Shingle Springs,8.2,Shingle Springs CDP,471.34,138.0
South Lake Tahoe,21814,73108,South Lake Tahoe,10.15,South Lake Tahoe city,2149.16,678.0
Lockeford,3390,42104,Lockeford,8.34,Lockeford CDP,406.47,181.0
Morada,4068,49180,Morada,2.98,Morada CDP,1365.1,
Stockton,306283,75000,Stockton,61.69,Stockton city,4964.87,2662.0
Lakeport,4855,39710,Lakeport,3.06,Lakeport city,1586.6,712.0
Leggett,62,41026,Leggett,2.7,Leggett CDP,22.96,43.0
Lemon Hill,14096,41142,Lemon Hill,1.64,Lemon Hill CDP,8595.12,
Leona Valley,1581,41208,Leona Valley,18.59,Leona Valley CDP,85.05,15.0
Likely,0,41390,Likely,1.33,Likely CDP,0.0,20.0
Lindcove,438,41656,Lindcove,0.68,Lindcove CDP,644.12,
Linnell Camp,686,41740,Linnell Camp,0.12,Linnell Camp CDP,5716.67,
Litchfield,178,41782,Litchfield,3.94,Litchfield CDP,45.18,16.0
Little River,189,41866,Little River,1.67,Little River CDP,113.17,120.0
Hollister,37835,34120,Hollister,7.33,Hollister city,5161.66,346.0
Artesia,16817,02896,Artesia,1.62,Artesia city,10380.86,97.0
Azusa,49544,03386,Azusa,9.67,Azusa city,5123.47,588.0
Baldwin Park,76222,03666,Baldwin Park,6.63,Baldwin Park city,11496.53,275.0
Cerritos,50172,12552,Cerritos,8.72,Cerritos city,5753.67,
Commerce,12933,14974,Commerce,6.54,Commerce city,1977.52,
Hidden Hills,1634,33518,Hidden Hills,1.69,Hidden Hills city,966.86,
Industry,344,36490,Industry,11.79,Industry city,29.18,
Inglewood,110327,36546,Inglewood,9.07,Inglewood city,12163.95,66.0
Lennox,21329,41180,Lennox,1.09,Lennox CDP,19567.89,
Canyondam,66,10914,Canyondam,0.77,Canyondam CDP,85.71,
Crescent Mills,287,17050,Crescent Mills,4.24,Crescent Mills CDP,67.69,4.0
La Porte,0,40312,La Porte,4.46,La Porte CDP,0.0,
Little Grass Valley,0,41789,Little Grass Valley,10.0,Little Grass Valley CDP,0.0,
Mohawk Vista,63,48448,Mohawk Vista,11.97,Mohawk Vista CDP,5.26,
Chinese Camp,206,13182,Chinese Camp,0.9,Chinese Camp CDP,228.89,
West Puente Valley,23629,84774,West Puente Valley,1.87,West Puente Valley CDP,12635.83,
Colusa,5902,14946,Colusa,1.83,Colusa city,3225.14,183.0
Forest Meadows,1516,24897,Forest Meadows,5.66,Forest Meadows CDP,267.84,
El Cerrito,5471,21810,El Cerrito,2.57,El Cerrito CDP,2128.79,
Idyllwild-Pine Cove,2459,36203,Idyllwild-Pine Cove,13.72,Idyllwild-Pine Cove CDP,179.23,
Winterhaven,210,86020,Winterhaven,0.24,Winterhaven CDP,875.0,54.0
Chowchilla,18533,13294,Chowchilla,11.09,Chowchilla city,1671.15,9.0
Parksdale,2493,55751,Parksdale,1.81,Parksdale CDP,1377.35,
Cathedral City,54037,12048,Cathedral City,22.49,Cathedral City city,2402.71,2012.0
Highgrove,4986,33574,Highgrove,3.22,Highgrove CDP,1548.45,
Lindsay,13232,41712,Lindsay,2.73,Lindsay city,4846.89,235.0
Woodside,5541,86440,Woodside,11.73,Woodside town,472.38,
Buttonwillow,1591,09332,Buttonwillow,6.93,Buttonwillow CDP,229.58,
Banning,30942,03820,Banning,23.27,Banning city,1329.69,981.0
Calimesa,8651,09864,Calimesa,14.86,Calimesa city,582.17,1337.0
Home Gardens,11442,34302,Home Gardens,1.51,Home Gardens CDP,7577.48,
Brawley,26009,08058,Brawley,8.12,Brawley city,3203.08,344.0
El Centro,43898,21782,El Centro,11.51,El Centro city,3813.9,1159.0
Holtville,6458,34246,Holtville,1.15,Holtville city,5615.65,173.0
Imperial,17175,36280,Imperial,6.1,Imperial city,2815.57,
Lucerne,2956,44406,Lucerne,4.98,Lucerne CDP,593.57,214.0
North Lakeport,3141,51990,North Lakeport,3.84,North Lakeport CDP,817.97,
Lake of the Pines,4137,39690,Lake of the Pines,1.5,Lake of the Pines CDP,2758.0,
Truckee,16377,80588,Truckee,32.33,Truckee town,506.56,351.0
Dillon Beach,219,19262,Dillon Beach,2.98,Dillon Beach CDP,73.49,25.0
Romoland,2227,62756,Romoland,2.64,Romoland CDP,843.56,
Indio,88291,36448,Indio,33.23,Indio city,2656.97,1364.0
Murrieta,111427,50076,Murrieta,33.61,Murrieta city,3315.29,128.0
Thousand Palms,7814,78596,Thousand Palms,23.64,Thousand Palms CDP,330.54,
Calexico,39934,09710,Calexico,8.63,Calexico city,4627.35,196.0
Desert Shores,619,19024,Desert Shores,0.7,Desert Shores CDP,884.29,103.0
Ocotillo,58,53378,Ocotillo,8.86,Ocotillo CDP,6.55,19.0
Bolinas,1077,07316,Bolinas,5.83,Bolinas CDP,184.73,
Corte Madera,9866,16462,Corte Madera,3.16,Corte Madera town,3122.15,
Bodfish,1384,07274,Bodfish,8.21,Bodfish CDP,168.57,24.0
Delano,52713,18394,Delano,14.28,Delano city,3691.39,310.0
Channel Islands Beach,2864,12669,Channel Islands Beach,0.4,Channel Islands Beach CDP,7160.0,
Golden Hills,9407,30282,Golden Hills,12.25,Golden Hills CDP,767.92,
Keene,313,37946,Keene,9.66,Keene CDP,32.4,
Lost Hills,1943,44280,Lost Hills,5.55,Lost Hills CDP,350.09,128.0
Lockwood,604,42146,Lockwood,10.87,Lockwood CDP,55.57,60.0
Lodoga,126,42230,Lodoga,3.39,Lodoga CDP,37.17,
Loleta,676,42328,Loleta,2.12,Loleta CDP,318.87,15.0
Loma Mar,114,42384,Loma Mar,1.73,Loma Mar CDP,65.9,
Elmira,285,22146,Elmira,0.53,Elmira CDP,537.74,
Rio Vista,8618,60984,Rio Vista,6.64,Rio Vista city,1297.89,137.0
Vallejo,120977,81666,Vallejo,30.69,Vallejo city,3941.9,1244.0
Burbank,5252,08968,Burbank,0.41,Burbank CDP,12809.76,
Colfax,2029,14498,Colfax,1.41,Colfax city,1439.01,130.0
San Joaquin,4021,67126,San Joaquin,1.2,San Joaquin city,3350.83,38.0
Shaver Lake,498,71246,Shaver Lake,32.29,Shaver Lake CDP,15.42,7.0
Alum Rock,11791,01458,Alum Rock,0.84,Alum Rock CDP,14036.9,
Fruitdale,899,27080,Fruitdale,0.27,Fruitdale CDP,3329.63,
Los Altos,30588,43280,Los Altos,6.48,Los Altos city,4720.37,
Milpitas,77457,47766,Milpitas,13.65,Milpitas city,5674.51,521.0
Morgan Hill,43876,49278,Morgan Hill,12.77,Morgan Hill city,3435.87,817.0
Magalia,12671,45120,Magalia,14.01,Magalia CDP,904.43,1.0
Paradise,26543,55520,Paradise,18.32,Paradise town,1448.85,1586.0
Willits,4893,85600,Willits,2.82,Willits city,1735.11,407.0
West Menlo Park,4116,84536,West Menlo Park,0.49,West Menlo Park CDP,8400.0,
Bear Valley Springs,5442,04734,Bear Valley Springs,41.48,Bear Valley Springs CDP,131.2,
Montecito,8611,48844,Montecito,9.34,Montecito CDP,921.95,
Toro Canyon,1735,79529,Toro Canyon,3.58,Toro Canyon CDP,484.64,
Big Pine,1568,06616,Big Pine,2.95,Big Pine CDP,531.53,24.0
Round Valley,533,63148,Round Valley,13.81,Round Valley CDP,38.6,
West Bishop,2661,84120,West Bishop,8.76,West Bishop CDP,303.77,
Wilkerson,431,85551,Wilkerson,5.73,Wilkerson CDP,75.22,
Almanor,0,01094,Almanor,0.88,Almanor CDP,0.0,
Lake Almanor Country Club,302,39411,Lake Almanor Country Club,2.74,Lake Almanor Country Club CDP,110.22,
Madera,64362,45022,Madera,15.78,Madera city,4078.71,292.0
Muir Beach,242,49950,Muir Beach,0.49,Muir Beach CDP,493.88,
Novato,55523,52582,Novato,27.45,Novato city,2022.7,654.0
Mariposa,1351,45932,Mariposa,3.04,Mariposa CDP,444.41,155.0
Cameron Park,19902,10256,Cameron Park,11.23,Cameron Park CDP,1772.22,170.0
Susanville,15216,77364,Susanville,7.94,Susanville city,1916.37,384.0
Country Club,9846,16651,Country Club,1.92,Country Club CDP,5128.12,
Kennedy,3665,38065,Kennedy,1.21,Kennedy CDP,3028.93,
Merced,82289,46898,Merced,23.23,Merced city,3542.36,828.0
Portola Valley,4594,58380,Portola Valley,9.1,Portola Valley town,504.84,
Tracy,88806,80238,Tracy,22.14,Tracy city,4011.11,536.0
Meadow Valley,362,46618,Meadow Valley,8.52,Meadow Valley CDP,42.49,6.0
Chilcoot-Vinton,147,13077,Chilcoot-Vinton,13.21,Chilcoot-Vinton CDP,11.13,
Iron Horse,60,36735,Iron Horse,7.74,Iron Horse CDP,7.75,
Paxton,0,56182,Paxton,0.33,Paxton CDP,0.0,
Valley Ranch,10,81869,Valley Ranch,1.14,Valley Ranch CDP,8.77,
Oakhurst,3424,52764,Oakhurst,6.0,Oakhurst CDP,570.67,257.0
Bertsch-Oceanview,2042,06150,Bertsch-Oceanview,5.3,Bertsch-Oceanview CDP,385.28,
Crescent City,6681,17022,Crescent City,1.96,Crescent City city,3408.67,781.0
Klamath,617,38702,Klamath,12.4,Klamath CDP,49.76,67.0
Clearlake,15323,13945,Clearlake,10.13,Clearlake city,1512.64,550.0
Middletown,757,47332,Middletown,1.84,Middletown CDP,411.41,23.0
Arcata,18050,02476,Arcata,9.37,Arcata city,1926.36,618.0
Humboldt Hill,4268,34928,Humboldt Hill,4.16,Humboldt Hill CDP,1025.96,
Teviston,1027,78336,Teviston,2.17,Teviston CDP,473.27,
Thermal,1359,78456,Thermal,9.38,Thermal CDP,144.88,247.0
Thornton,1038,78568,Thornton,2.13,Thornton CDP,487.32,74.0
Three Rocks,210,78652,Three Rocks,0.75,Three Rocks CDP,280.0,
University of California-Merced,0,81312,University of California-Merced,0.65,University of California-Merced CDP,0.0,
Timber Cove,149,78715,Timber Cove,5.65,Timber Cove CDP,26.37,
Tonyville,881,78932,Tonyville,0.05,Tonyville CDP,17620.0,
Tooleville,309,78949,Tooleville,0.07,Tooleville CDP,4414.29,
Topanga,7449,78960,Topanga,19.13,Topanga CDP,389.39,236.0
Topaz,234,79030,Topaz,3.07,Topaz CDP,76.22,14.0
Tres Pinos,662,80364,Tres Pinos,3.6,Tres Pinos CDP,183.89,
Trinity Center,161,80476,Trinity Center,5.23,Trinity Center CDP,30.78,
Trinity Village,279,80483,Trinity Village,4.01,Trinity Village CDP,69.58,
Trona,37,80515,Trona,9.3,Trona CDP,3.98,9.0
Trowbridge,296,80560,Trowbridge,6.75,Trowbridge CDP,43.85,
Tuttle,63,80882,Tuttle,1.76,Tuttle CDP,35.8,
Tuttletown,941,80896,Tuttletown,7.35,Tuttletown CDP,128.03,
Valley Ford,148,81778,Valley Ford,2.64,Valley Ford CDP,56.06,
Valley Home,202,81792,Valley Home,1.15,Valley Home CDP,175.65,
Valley Wells,0,81925,Valley Wells,10.67,Valley Wells CDP,0.0,
Verdi,187,82334,Verdi,4.17,Verdi CDP,44.84,
Victor,444,82562,Victor,1.26,Victor CDP,352.38,5.0
Vina,210,82786,Vina,1.35,Vina CDP,155.56,
Vista Santa Rosa,2967,83085,Vista Santa Rosa,16.07,Vista Santa Rosa CDP,184.63,
Volcano,44,83094,Volcano,1.5,Volcano CDP,29.33,
Volta,216,83108,Volta,4.37,Volta CDP,49.43,
Walker,863,83262,Walker,18.44,Walker CDP,46.8,24.0
Warm Springs,1903,83460,Warm Springs,1.4,Warm Springs CDP,1359.29,
Warner Valley,0,83494,Warner Valley,17.4,Warner Valley CDP,0.0,
Washington,53,83570,Washington,1.9,Washington CDP,27.89,56.0
Waterloo,719,83626,Waterloo,5.43,Waterloo CDP,132.41,
Waukena,215,83724,Waukena,0.94,Waukena CDP,228.72,
Wawona,196,83766,Wawona,6.35,Wawona CDP,30.87,
Weott,271,84004,Weott,0.75,Weott CDP,361.33,7.0
West Goshen,567,84345,West Goshen,1.18,West Goshen CDP,480.51,
West Park,1035,84680,West Park,1.79,West Park CDP,578.21,
West Rancho Dominguez,22932,84780,West Rancho Dominguez,3.97,West Rancho Dominguez CDP,5776.32,
Whitley Gardens,164,85222,Whitley Gardens,1.37,Whitley Gardens CDP,119.71,
Wilsonia,0,85866,Wilsonia,0.27,Wilsonia CDP,0.0,
Woodbridge,3865,86230,Woodbridge,3.01,Woodbridge CDP,1284.05,113.0
Charter Oak,9760,12734,Charter Oak,0.93,Charter Oak CDP,10494.62,
Cudahy,24016,17498,Cudahy,1.18,Cudahy city,20352.54,415.0
Florence-Graham,64162,24477,Florence-Graham,3.51,Florence-Graham CDP,18279.77,
Gardena,59924,28168,Gardena,5.83,Gardena city,10278.56,1389.0
Hawthorne,87370,32548,Hawthorne,6.08,Hawthorne city,14370.07,94.0
Hermosa Beach,19650,33364,Hermosa Beach,1.43,Hermosa Beach city,13741.26,60.0
Patterson,21783,56112,Patterson,5.89,Patterson city,3698.3,128.0
Riverbank,24237,61068,Riverbank,4.05,Riverbank city,5984.44,247.0
Orangevale,34757,54092,Orangevale,11.46,Orangevale CDP,3032.9,402.0
McFarland,14456,44826,McFarland,2.67,McFarland city,5414.23,
Tehachapi,12753,78092,Tehachapi,9.89,Tehachapi city,1289.48,383.0
Castro Valley,63288,11964,Castro Valley,16.59,Castro Valley CDP,3814.83,310.0
Calwa,1974,10032,Calwa,0.59,Calwa CDP,3345.76,
Clovis,106666,14218,Clovis,24.61,Clovis city,4334.25,867.0
Glen Ellen,727,30028,Glen Ellen,2.1,Glen Ellen CDP,346.19,
Rohnert Park,42694,62546,Rohnert Park,7.0,Rohnert Park city,6099.14,1316.0
Chico,91998,13014,Chico,33.46,Chico city,2749.49,1957.0
Oroville East,7368,54388,Oroville East,21.58,Oroville East CDP,341.43,
Doyle,622,19878,Doyle,6.11,Doyle CDP,101.8,11.0
Drytown,20,19976,Drytown,3.69,Drytown CDP,5.42,
Dunnigan,1278,20228,Dunnigan,5.23,Dunnigan CDP,244.36,213.0
Dutch Flat,196,20298,Dutch Flat,0.59,Dutch Flat CDP,332.2,
Eagleville,81,20424,Eagleville,0.97,Eagleville CDP,83.51,
East Nicolaus,254,20900,East Nicolaus,4.58,East Nicolaus CDP,55.46,
East Rancho Dominguez,16734,21034,East Rancho Dominguez,0.82,East Rancho Dominguez CDP,20407.32,
East Tulare Villa,980,21210,East Tulare Villa,0.48,East Tulare Villa CDP,2041.67,
Edmundson Acres,514,21558,Edmundson Acres,0.07,Edmundson Acres CDP,7342.86,
Edna,186,21565,Edna,1.22,Edna CDP,152.46,
Elizabeth Lake,1895,21964,Elizabeth Lake,6.25,Elizabeth Lake CDP,303.2,
Elk Creek,191,22006,Elk Creek,1.45,Elk Creek CDP,131.72,5.0
El Nido,328,22286,El Nido,3.29,El Nido CDP,99.7,47.0
El Portal,268,22328,El Portal,1.03,El Portal CDP,260.19,
El Rancho,65,22360,El Rancho,0.07,El Rancho CDP,928.57,
El Sobrante (Riverside County),13966,22457,El Sobrante,7.22,El Sobrante CDP,1934.35,
Elverta,5821,22524,Elverta,8.84,Elverta CDP,658.48,
Eucalyptus Hills,6017,23000,Eucalyptus Hills,4.76,Eucalyptus Hills CDP,1264.08,
Fairmead,1876,23210,Fairmead,7.73,Fairmead CDP,242.69,
Fiddletown,329,23980,Fiddletown,4.64,Fiddletown CDP,70.91,
Fieldbrook,921,24008,Fieldbrook,10.47,Fieldbrook CDP,87.97,
Fields Landing,325,24022,Fields Landing,0.28,Fields Landing CDP,1160.71,
Fish Camp,90,24218,Fish Camp,0.9,Fish Camp CDP,100.0,
Cloverdale,8798,14190,Cloverdale,3.04,Cloverdale city,2894.08,175.0
Woodlands,1743,86380,Woodlands,1.65,Woodlands CDP,1056.36,
Yankee Hill,301,86678,Yankee Hill,6.02,Yankee Hill CDP,50.0,
Yettem,441,86734,Yettem,0.15,Yettem CDP,2940.0,
Yolo,429,86804,Yolo,1.38,Yolo CDP,310.87,
Zayante,939,87090,Zayante,2.73,Zayante CDP,343.96,
Beckwourth,214,04772,Beckwourth,11.68,Beckwourth CDP,18.32,1.0
Montara,2692,48760,Montara,3.88,Montara CDP,693.81,
San Anselmo,12567,64434,San Anselmo,2.68,San Anselmo town,4689.18,
Yosemite Lakes,5647,86878,Yosemite Lakes,20.9,Yosemite Lakes CDP,270.19,
Rancho Mirage,18075,59500,Rancho Mirage,25.35,Rancho Mirage city,713.02,817.0
Redlands,71012,59962,Redlands,35.84,Redlands city,1981.36,865.0
Searles Valley,1646,70728,Searles Valley,10.49,Searles Valley CDP,156.91,
Nevada City,3128,50874,Nevada City,2.19,Nevada City city,1428.31,40.0
Kelseyville,3332,38044,Kelseyville,2.88,Kelseyville CDP,1156.94,725.0
Alta Sierra,7207,01360,Alta Sierra,8.32,Alta Sierra CDP,866.23,
Lake Wildwood,5208,39885,Lake Wildwood,3.06,Lake Wildwood CDP,1701.96,
McKinleyville,16612,44910,McKinleyville,20.83,McKinleyville CDP,797.5,
Lake of the Woods,768,39696,Lake of the Woods,3.52,Lake of the Woods CDP,218.18,
Lebec,1802,40956,Lebec,15.33,Lebec CDP,117.55,97.0
Mettler,138,47164,Mettler,0.23,Mettler CDP,600.0,
Mountain Mesa,1236,49600,Mountain Mesa,0.87,Mountain Mesa CDP,1420.69,
Onyx,588,53910,Onyx,11.45,Onyx CDP,51.35,
Randsburg,64,59668,Randsburg,1.91,Randsburg CDP,33.51,
Rosamond,20028,62826,Rosamond,52.12,Rosamond CDP,384.27,1500.0
Stallion Springs,3625,73868,Stallion Springs,16.43,Stallion Springs CDP,220.63,
Wasco,26708,83542,Wasco,9.39,Wasco city,2844.3,107.0
Camarillo,67543,10046,Camarillo,19.68,Camarillo city,3432.06,1008.0
Casa Conejo,3366,11656,Casa Conejo,0.47,Casa Conejo CDP,7161.7,
Moorpark,36274,49138,Moorpark,12.58,Moorpark city,2883.47,240.0
Simi Valley,126199,72016,Simi Valley,41.52,Simi Valley city,3039.47,808.0
Thousand Oaks,128481,78582,Thousand Oaks,55.26,Thousand Oaks city,2325.03,344.0
Lake Elsinore,64037,39486,Lake Elsinore,38.26,Lake Elsinore city,1673.73,386.0
La Quinta,40704,40354,La Quinta,35.26,La Quinta city,1154.4,103.0
Palm Springs,47525,55254,Palm Springs,93.91,Palm Springs city,506.07,2351.0
Reedley,25493,60242,Reedley,5.53,Reedley city,4609.95,179.0
Malaga,1337,45232,Malaga,0.27,Malaga CDP,4951.85,
Angels,3811,02112,Angels,3.63,Angels city,1049.86,
La Cañada Flintridge,20374,39003,La Cañada Flintridge,8.63,La Cañada Flintridge city,2360.83,
Foresthill,1546,24834,Foresthill,11.19,Foresthill CDP,138.16,302.0
Granite Bay,22439,30693,Granite Bay,21.52,Granite Bay CDP,1042.7,246.0
Loomis,6753,43140,Loomis,7.27,Loomis town,928.89,185.0
Day Valley,3439,18153,Day Valley,18.5,Day Valley CDP,185.89,
Del Rio,1235,18695,Del Rio,2.08,Del Rio CDP,593.75,
Empire,3667,22622,Empire,1.6,Empire CDP,2291.88,114.0
Three Rivers,2397,78638,Three Rivers,44.49,Three Rivers CDP,53.88,60.0
West Modesto,5911,84578,West Modesto,1.43,West Modesto CDP,4133.57,
Dinuba,23871,19318,Dinuba,6.51,Dinuba city,3666.82,301.0
Lemon Cove,267,41110,Lemon Cove,0.83,Lemon Cove CDP,321.69,
Traver,740,80280,Traver,0.84,Traver CDP,880.95,
Woodlake,7636,86300,Woodlake,2.43,Woodlake city,3142.39,35.0
American Canyon,20306,01640,American Canyon,6.09,American Canyon city,3334.32,843.0
Folsom,77007,24638,Folsom,27.81,Folsom city,2769.04,875.0
Sacramento,495011,64000,Sacramento,97.84,Sacramento city,5059.39,6729.0
Walnut Grove,1300,83374,Walnut Grove,10.2,Walnut Grove CDP,127.45,63.0
Avery,559,03316,Avery,4.5,Avery CDP,124.22,76.0
Valley Springs,3428,81890,Valley Springs,9.87,Valley Springs CDP,347.32,168.0
Torrance,146392,80000,Torrance,20.48,Torrance city,7148.05,1442.0
San Andreas,3085,64420,San Andreas,8.38,San Andreas CDP,368.14,200.0
London,1854,42566,London,0.63,London CDP,2942.86,
Felton,3810,23826,Felton,4.55,Felton CDP,837.36,57.0
Twin Lakes,5642,81050,Twin Lakes,0.69,Twin Lakes CDP,8176.81,
Bret Harte,5319,08172,Bret Harte,0.55,Bret Harte CDP,9670.91,
Modesto,211336,48354,Modesto,42.98,Modesto city,4917.08,2866.0
Salida,14658,64210,Salida,5.29,Salida CDP,2770.89,
Turlock,72335,80812,Turlock,16.92,Turlock city,4275.12,706.0
Westley,838,84480,Westley,0.36,Westley CDP,2327.78,
Rio Linda,15460,60942,Rio Linda,9.88,Rio Linda CDP,1564.78,
Hickman,566,33504,Hickman,0.78,Hickman CDP,725.64,
Hughson,7370,34904,Hughson,1.94,Hughson city,3798.97,100.0
Cutler,5774,17708,Cutler,0.81,Cutler CDP,7128.4,
Goshen,3316,30476,Goshen,1.78,Goshen CDP,1862.92,
Springville,872,73710,Springville,4.18,Springville CDP,208.61,37.0
Kings Beach,2833,38548,Kings Beach,3.44,Kings Beach CDP,823.55,71.0
Lincoln,46939,41474,Lincoln,23.51,Lincoln city,1996.55,71.0
North Auburn,13707,51637,North Auburn,7.79,North Auburn CDP,1759.56,
Bluewater,161,07172,Bluewater,1.05,Bluewater CDP,153.33,
Rialto,102873,60466,Rialto,23.93,Rialto city,4298.91,1981.0
Wrightwood,4283,86594,Wrightwood,5.93,Wrightwood CDP,722.26,19.0
Orcutt,30493,54120,Orcutt,11.12,Orcutt CDP,2742.18,235.0
Santa Ynez,4401,70182,Santa Ynez,5.14,Santa Ynez CDP,856.23,15.0
Carmichael,64785,11390,Carmichael,13.45,Carmichael CDP,4816.73,
Florin,49132,24498,Florin,8.71,Florin CDP,5640.87,
Vineyard,28315,82852,Vineyard,17.2,Vineyard CDP,1646.22,
Potter Valley,437,58506,Potter Valley,4.03,Potter Valley CDP,108.44,12.0
Princeton,297,58758,Princeton,1.84,Princeton CDP,161.41,
Proberta,165,58814,Proberta,1.43,Proberta CDP,115.38,
Rackerby,189,59115,Rackerby,2.95,Rackerby CDP,64.07,
Red Corral,1930,59896,Red Corral,5.84,Red Corral CDP,330.48,
Redcrest,23,59906,Redcrest,0.6,Redcrest CDP,38.33,4.0
Watsonville,53616,83668,Watsonville,6.69,Watsonville city,8014.35,1169.0
Earlimart,8790,20438,Earlimart,2.1,Earlimart CDP,4185.71,
East Orosi,955,20942,East Orosi,0.25,East Orosi CDP,3820.0,
Redwood Valley,1376,60214,Redwood Valley,2.74,Redwood Valley CDP,502.19,122.0
Reliez Valley,3575,60279,Reliez Valley,2.36,Reliez Valley CDP,1514.83,
Richfield,272,60592,Richfield,0.55,Richfield CDP,494.55,
Richvale,99,60662,Richvale,0.93,Richvale CDP,106.45,
Rio Oso,406,60970,Rio Oso,6.53,Rio Oso CDP,62.17,
Ripley,408,61012,Ripley,1.7,Ripley CDP,240.0,
River Pines,607,61124,River Pines,0.37,River Pines CDP,1640.54,
Robbins,321,62168,Robbins,2.59,Robbins CDP,123.94,13.0
Robinson Mill,35,62200,Robinson Mill,1.32,Robinson Mill CDP,26.52,
Rodriguez Camp,87,62496,Rodriguez Camp,0.26,Rodriguez Camp CDP,334.62,
Rolling Hills,896,62625,Rolling Hills,0.58,Rolling Hills CDP,1544.83,
Rose Hills,2612,62860,Rose Hills,0.43,Rose Hills CDP,6074.42,
Rough and Ready,828,63106,Rough and Ready,3.17,Rough and Ready CDP,261.2,
Rouse,2420,63168,Rouse,0.24,Rouse CDP,10083.33,
Ruth,145,63386,Ruth,38.84,Ruth CDP,3.73,20.0
Rutherford,72,63400,Rutherford,1.68,Rutherford CDP,42.86,
Salmon Creek,20,64252,Salmon Creek,1.11,Salmon Creek CDP,18.02,
Samoa,284,64392,Samoa,0.84,Samoa CDP,338.1,
San Miguel (Contra Costa County),2993,68263,San Miguel,1.05,San Miguel CDP,2850.48,
San Miguel (San Luis Obispo County),2807,68266,San Miguel,1.68,San Miguel CDP,1670.83,
San Pasqual,1932,68308,San Pasqual,0.26,San Pasqual CDP,7430.77,
San Simeon,583,68434,San Simeon,0.8,San Simeon CDP,728.75,46.0
Santa Margarita,1252,69182,Santa Margarita,0.52,Santa Margarita CDP,2407.69,52.0
Santa Nella,2508,70028,Santa Nella,4.56,Santa Nella CDP,550.0,47.0
Santa Rosa Valley,3180,70130,Santa Rosa Valley,6.92,Santa Rosa Valley CDP,459.54,
Santa Susana,1050,70140,Santa Susana,1.11,Santa Susana CDP,945.95,
Saranap,6492,70266,Saranap,1.13,Saranap CDP,5745.13,
Saticoy,1201,70322,Saticoy,0.38,Saticoy CDP,3160.53,
Bodega,473,07246,Bodega,2.9,Bodega CDP,163.1,
Bonny Doon,3009,07470,Bonny Doon,16.69,Bonny Doon CDP,180.29,
Bridgeport,464,08240,Bridgeport,21.74,Bridgeport CDP,21.34,42.0
Brookdale,2345,08478,Brookdale,3.85,Brookdale CDP,609.09,
Brooktrails,3709,08530,Brooktrails,7.27,Brooktrails CDP,510.18,
Buckhorn,2246,08680,Buckhorn,5.87,Buckhorn CDP,382.62,
Boulevard,445,07694,Boulevard,3.91,Boulevard CDP,113.81,51.0
Buck Meadows,51,08716,Buck Meadows,1.74,Buck Meadows CDP,29.31,
Buena Vista,526,08828,Buena Vista,1.62,Buena Vista CDP,324.69,
Burnt Ranch,338,09150,Burnt Ranch,13.38,Burnt Ranch CDP,25.26,22.0
Butte Creek Canyon,931,09310,Butte Creek Canyon,20.47,Butte Creek Canyon CDP,45.48,
Butte Meadows,53,09318,Butte Meadows,2.14,Butte Meadows CDP,24.77,
Butte Valley,510,09324,Butte Valley,18.29,Butte Valley CDP,27.88,
California Hot Springs,36,09822,California Hot Springs,0.75,California Hot Springs CDP,48.0,15.0
California Pines,488,09834,California Pines,7.43,California Pines CDP,65.68,
Callender,1583,09948,Callender,2.29,Callender CDP,691.27,
Calpella,562,09990,Calpella,2.54,Calpella CDP,221.26,9.0
Calpine,216,10004,Calpine,0.71,Calpine CDP,304.23,6.0
Camanche North Shore,1029,10042,Camanche North Shore,2.33,Camanche North Shore CDP,441.63,
Camanche Village,620,10044,Camanche Village,5.44,Camanche Village CDP,113.97,
Camino,1799,10270,Camino,2.25,Camino CDP,799.56,73.0
Camino Tassajara,3798,10301,Camino Tassajara,1.27,Camino Tassajara CDP,2990.55,
Camp Nelson,0,10494,Camp Nelson,1.24,Camp Nelson CDP,0.0,
Campo,3482,10508,Campo,23.49,Campo CDP,148.23,
Camptonville,162,10676,Camptonville,0.85,Camptonville CDP,190.59,59.0
Canby,497,10732,Canby,2.27,Canby CDP,218.94,
Carmet,0,11376,Carmet,0.29,Carmet CDP,0.0,
Pixley,3796,57512,Pixley,3.11,Pixley CDP,1220.58,40.0
Terra Bella,3304,78288,Terra Bella,2.72,Terra Bella CDP,1214.71,113.0
Tulare,62838,80644,Tulare,20.37,Tulare city,3084.83,629.0
Arbuckle,3636,02420,Arbuckle,1.76,Arbuckle CDP,2065.91,18.0
Lenwood,3884,41194,Lenwood,2.08,Lenwood CDP,1867.31,
Montclair,38865,48788,Montclair,5.52,Montclair city,7040.76,728.0
Mountain View Acres,4260,49684,Mountain View Acres,1.59,Mountain View Acres CDP,2679.25,
San Antonio Heights,3034,64462,San Antonio Heights,2.35,San Antonio Heights CDP,1291.06,
Twentynine Palms,26109,80994,Twentynine Palms,58.76,Twentynine Palms city,444.33,568.0
Lompoc,43511,42524,Lompoc,11.62,Lompoc city,3744.49,887.0
Solvang,5734,72576,Solvang,2.43,Solvang city,2359.67,204.0
Vandenberg Village,7861,82086,Vandenberg Village,5.25,Vandenberg Village CDP,1497.33,
Foothill Farms,33749,24722,Foothill Farms,4.2,Foothill Farms CDP,8035.48,
North Highlands,48968,51924,North Highlands,8.81,North Highlands CDP,5558.23,
La Crescenta-Montrose,19500,39045,La Crescenta-Montrose,3.43,La Crescenta-Montrose CDP,5685.13,
Rancho Murieta,5603,59506,Rancho Murieta,11.89,Rancho Murieta CDP,471.24,189.0
El Segundo,16850,22412,El Segundo,5.46,El Segundo city,3086.08,
Irwindale,1405,36826,Irwindale,8.82,Irwindale city,159.3,
Lomita,20628,42468,Lomita,1.91,Lomita city,10800.0,525.0
Long Beach,468883,43000,Long Beach,50.7,Long Beach city,9248.19,2001.0
Pasadena,141246,56000,Pasadena,22.96,Pasadena city,6151.83,
Pomona,152494,58072,Pomona,22.96,Pomona city,6641.72,1706.0
South San Jose Hills,20593,73290,South San Jose Hills,1.51,South San Jose Hills CDP,13637.75,
Val Verde,2996,81967,Val Verde,2.57,Val Verde CDP,1165.76,
Walnut,30008,83332,Walnut,8.99,Walnut city,3337.93,133.0
West Carson,22537,84144,West Carson,2.27,West Carson CDP,9928.19,
West Whittier-Los Nietos,27144,84921,West Whittier-Los Nietos,2.52,West Whittier-Los Nietos CDP,10771.43,
Copperopolis,4299,16210,Copperopolis,20.79,Copperopolis CDP,206.78,3.0
Murphys,2100,50034,Murphys,10.32,Murphys CDP,203.49,183.0
Napa,79516,50258,Napa,17.95,Napa city,4429.86,1608.0
St. Helena,6079,64140,St. Helena,4.95,St. Helena city,1228.08,
Colton,54415,14890,Colton,15.54,Colton city,3501.61,958.0
Loma Linda,24078,42370,Loma Linda,7.66,Loma Linda city,3143.34,530.0
Mentone,9847,46884,Mentone,6.13,Mentone CDP,1606.36,272.0
Muscoy,13726,50132,Muscoy,3.16,Muscoy CDP,4343.67,
Summerland,923,75714,Summerland,1.98,Summerland CDP,466.16,38.0
Vandenberg AFB,3379,82072,Vandenberg AFB,22.03,Vandenberg AFB CDP,153.38,
Dixon Lane-Meadow Creek,2760,19406,Dixon Lane-Meadow Creek,3.36,Dixon Lane-Meadow Creek CDP,821.43,
Shoshone,13,71680,Shoshone,28.71,Shoshone CDP,0.45,19.0
Belden,0,04856,Belden,0.61,Belden CDP,0.0,4.0
Bucks Lake,15,08744,Bucks Lake,10.34,Bucks Lake CDP,1.45,
Lake San Marcos,4890,39724,Lake San Marcos,1.71,Lake San Marcos CDP,2859.65,
Carmel Valley Village,4293,11324,Carmel Valley Village,18.98,Carmel Valley Village CDP,226.19,
Mount Hebron,78,49768,Mount Hebron,0.71,Mount Hebron CDP,109.86,
Mount Shasta,3284,49852,Mount Shasta,3.77,Mount Shasta city,871.09,197.0
Chualar,1442,13364,Chualar,0.63,Chualar CDP,2288.89,
Monterey,28512,48872,Monterey,8.64,Monterey city,3300.0,
Soledad,25597,72520,Soledad,4.4,Soledad city,5817.5,186.0
Camp Pendleton South,11459,10561,Camp Pendleton South,3.92,Camp Pendleton South CDP,2923.21,
Coronado,23620,16378,Coronado,7.98,Coronado city,2959.9,
Encinitas,62713,22678,Encinitas,18.98,Encinitas city,3304.16,631.0
Escondido,151115,22804,Escondido,37.25,Escondido city,4056.78,4042.0
Wildomar,36162,85446,Wildomar,23.69,Wildomar city,1526.47,52.0
Menifee,88515,46842,Menifee,46.47,Menifee city,1904.78,392.0
Dublin,59172,20018,Dublin,15.23,Dublin city,3885.23,
Emeryville,11724,22594,Emeryville,1.27,Emeryville city,9231.5,
Costa Mesa,113198,16532,Costa Mesa,15.8,Costa Mesa city,7164.43,953.0
Orange,139873,53980,Orange,25.67,Orange city,5448.89,1172.0
Alondra Park,8097,01150,Alondra Park,1.11,Alondra Park CDP,7294.59,
Altadena,45146,01290,Altadena,8.47,Altadena CDP,5330.11,
Claremont,36025,13756,Claremont,13.35,Claremont city,2698.5,
El Monte,115669,22230,El Monte,9.56,El Monte city,12099.27,1514.0
Glendora,51773,30014,Glendora,19.51,Glendora city,2653.66,743.0
Huntington Park,58694,36056,Huntington Park,3.01,Huntington Park city,19499.67,24.0
Carnelian Bay,463,11418,Carnelian Bay,1.3,Carnelian Bay CDP,356.15,
Casmalia,111,11754,Casmalia,0.19,Casmalia CDP,584.21,
Caspar,812,11768,Caspar,2.99,Caspar CDP,271.57,
Castaic,18921,11796,Castaic,7.26,Castaic CDP,2606.2,322.0
Castle Hill,1145,11915,Castle Hill,0.73,Castle Hill CDP,1568.49,
Catheys Valley,794,12062,Catheys Valley,23.41,Catheys Valley CDP,33.92,27.0
Cazadero,288,12146,Cazadero,7.12,Cazadero CDP,40.45,
Cedar Ridge,1037,12300,Cedar Ridge,7.79,Cedar Ridge CDP,133.12,
Cedar Slope,0,12314,Cedar Slope,0.7,Cedar Slope CDP,0.0,
Alto,765,01416,Alto,0.13,Alto CDP,5884.62,
Anchor Bay,314,02028,Anchor Bay,3.51,Anchor Bay CDP,89.46,
Anza,3151,02294,Anza,27.6,Anza CDP,114.17,61.0
Auburn Lake Trails,3499,03205,Auburn Lake Trails,12.73,Auburn Lake Trails CDP,274.86,
Ballard,473,03694,Ballard,1.18,Ballard CDP,400.85,
Artois,292,02910,Artois,2.88,Artois CDP,101.39,
Aspen Springs,67,03026,Aspen Springs,3.57,Aspen Springs CDP,18.77,
Baker,607,03512,Baker,2.69,Baker CDP,225.65,109.0
Ballico,401,03708,Ballico,3.02,Ballico CDP,132.78,
Bangor,372,03792,Bangor,13.42,Bangor CDP,27.72,
Bass Lake,500,04198,Bass Lake,1.88,Bass Lake CDP,265.96,64.0
Bayview (Contra Costa County),1954,04470,Bayview,0.3,Bayview CDP,6513.33,
Bayview (Humboldt County),2617,04478,Bayview,0.73,Bayview CDP,3584.93,
Bear Creek,157,04632,Bear Creek,0.06,Bear Creek CDP,2616.67,
Bell Canyon,2391,04938,Bell Canyon,3.64,Bell Canyon CDP,656.87,
Benbow,161,05262,Benbow,4.88,Benbow CDP,32.99,
Bend,457,05276,Bend,2.92,Bend CDP,156.51,
Benton,313,05346,Benton,28.48,Benton CDP,10.99,11.0
Berry Creek,1241,06070,Berry Creek,57.12,Berry Creek CDP,21.73,
Bieber,178,06336,Bieber,1.64,Bieber CDP,108.54,18.0
Bear Valley (Alpine County),58,04716,Bear Valley,5.16,Bear Valley CDP,11.24,
Colma,1450,14736,Colma,1.9,Colma town,763.16,
Emerald Lake Hills,4594,22587,Emerald Lake Hills,1.19,Emerald Lake Hills CDP,3860.5,
Blythe,19581,07218,Blythe,26.61,Blythe city,735.85,459.0
La Habra Heights,5383,39304,La Habra Heights,6.16,La Habra Heights city,873.86,
Lakewood,80771,39892,Lakewood,9.41,Lakewood city,8583.53,84.0
Malibu,12846,45246,Malibu,19.85,Malibu city,647.15,561.0
Rancho Palos Verdes,42271,59514,Rancho Palos Verdes,13.47,Rancho Palos Verdes city,3138.16,
Soquel,10862,72688,Soquel,4.6,Soquel CDP,2361.3,739.0
East Oakdale,3344,20907,East Oakdale,5.37,East Oakdale CDP,622.72,
Mountain Ranch,1306,49628,Mountain Ranch,41.19,Mountain Ranch CDP,31.71,
Crestline,9381,17162,Crestline,13.83,Crestline CDP,678.31,198.0
Grand Terrace,12482,30658,Grand Terrace,3.51,Grand Terrace city,3556.13,276.0
Hesperia,93609,33434,Hesperia,72.7,Hesperia city,1287.61,741.0
Lake Arrowhead,9765,39444,Lake Arrowhead,17.73,Lake Arrowhead CDP,550.76,93.0
Yucaipa,53264,87042,Yucaipa,28.29,Yucaipa city,1882.79,4557.0
Isla Vista,27690,36868,Isla Vista,1.85,Isla Vista CDP,14967.57,
Mission Hills,3796,48186,Mission Hills,1.21,Mission Hills CDP,3137.19,294.0
Rosemont,23617,62910,Rosemont,4.37,Rosemont CDP,5404.35,
Hamilton City,2224,31890,Hamilton City,0.31,Hamilton City CDP,7174.19,36.0
Big Bear City,13312,06406,Big Bear City,31.95,Big Bear City CDP,416.65,250.0
Montague,1517,48690,Montague,1.78,Montague city,852.25,62.0
Cottonwood,3289,16630,Cottonwood,2.32,Cottonwood CDP,1417.67,166.0
Shingletown,2272,71568,Shingletown,24.54,Shingletown CDP,92.58,47.0
August,8774,03209,August,1.25,August CDP,7019.2,
Escalon,7509,22790,Escalon,2.3,Escalon city,3264.78,148.0
Ridgemark,3062,60706,Ridgemark,2.57,Ridgemark CDP,1191.44,
Cantua Creek,273,10816,Cantua Creek,3.8,Cantua Creek CDP,71.84,
Sebastopol,7666,70770,Sebastopol,1.86,Sebastopol city,4121.51,177.0
Lemoore Station,7063,41166,Lemoore Station,4.2,Lemoore Station CDP,1681.67,
Parlier,15120,55856,Parlier,2.4,Parlier city,6300.0,3.0
Willowbrook,22402,85614,Willowbrook,1.55,Willowbrook CDP,14452.9,
Hidden Valley Lake,6044,33549,Hidden Valley Lake,9.76,Hidden Valley Lake CDP,619.26,
Lancaster,159662,40130,Lancaster,94.28,Lancaster city,1693.49,4177.0
Rowland Heights,50602,63218,Rowland Heights,13.07,Rowland Heights CDP,3871.61,515.0
Mi-Wuk Village,1133,48298,Mi-Wuk Village,2.78,Mi-Wuk Village CDP,407.55,
Carpinteria,13550,11446,Carpinteria,2.59,Carpinteria city,5231.66,860.0
North San Juan,328,52246,North San Juan,2.42,North San Juan CDP,135.54,
North Shore,2892,52302,North Shore,11.18,North Shore CDP,258.68,
Nubieber,20,52610,Nubieber,0.75,Nubieber CDP,26.67,
Oak Glen,420,52715,Oak Glen,14.99,Oak Glen CDP,28.02,
Oak Hills,9700,52760,Oak Hills,24.35,Oak Hills CDP,398.36,
Oak Shores,282,53160,Oak Shores,5.07,Oak Shores CDP,55.62,
Oakville,188,53196,Oakville,1.36,Oakville CDP,138.24,
Oasis,3020,53224,Oasis,19.63,Oasis CDP,153.85,
Old Fig Garden,5529,53505,Old Fig Garden,1.67,Old Fig Garden CDP,3310.78,
Old Station,35,53602,Old Station,2.22,Old Station CDP,15.77,
Orick,296,54218,Orick,4.75,Orick CDP,62.32,20.0
Pajaro Dunes,255,55048,Pajaro Dunes,2.56,Pajaro Dunes CDP,99.61,
Delhi,11735,18464,Delhi,3.51,Delhi CDP,3343.3,68.0
Dos Palos,5272,19612,Dos Palos,1.35,Dos Palos city,3905.19,9.0
Hanford,55893,31960,Hanford,17.13,Hanford city,3262.87,545.0
San Juan Bautista,2106,68014,San Juan Bautista,0.71,San Juan Bautista city,2966.2,19.0
Monte Rio,1156,48928,Monte Rio,1.9,Monte Rio CDP,608.42,15.0
Sonoma,11074,72646,Sonoma,2.74,Sonoma city,4041.61,1119.0
Windsor,27506,85922,Windsor,7.27,Windsor town,3783.49,437.0
Soulsbyville,2286,72772,Soulsbyville,3.01,Soulsbyville CDP,759.47,
Burney,3807,09122,Burney,5.37,Burney CDP,708.94,174.0
McArthur,386,44700,McArthur,1.0,McArthur CDP,386.0,
Temple City,36137,78148,Temple City,4.0,Temple City city,9034.25,
Vernon,90,82422,Vernon,4.97,Vernon city,18.11,
View Park-Windsor Hills,11580,82667,View Park-Windsor Hills,1.84,View Park-Windsor Hills CDP,6293.48,
West Athens,8574,84116,West Athens,1.34,West Athens CDP,6398.51,
Angwin,3424,02168,Angwin,4.83,Angwin CDP,708.9,42.0
Calistoga,5285,09892,Calistoga,2.58,Calistoga city,2048.45,675.0
Columbia,2217,14904,Columbia,5.96,Columbia CDP,371.98,238.0
Jamestown,2687,37106,Jamestown,3.0,Jamestown CDP,895.67,570.0
Tuolumne City,1577,80763,Tuolumne City,2.33,Tuolumne City CDP,676.82,
Millville,682,47724,Millville,8.05,Millville CDP,84.72,
Round Mountain,112,63134,Round Mountain,1.68,Round Mountain CDP,66.67,20.0
Acampo,294,00156,Acampo,0.94,Acampo CDP,312.77,192.0
Acalanes Ridge,889,00135,Acalanes Ridge,0.46,Acalanes Ridge CDP,1932.61,
Adin,201,00310,Adin,3.44,Adin CDP,58.43,20.0
Agua Dulce,3728,00450,Agua Dulce,22.85,Agua Dulce CDP,163.15,37.0
Aguanga,835,00464,Aguanga,13.6,Aguanga CDP,61.4,
Ahwahnee,2461,00478,Ahwahnee,10.02,Ahwahnee CDP,245.61,
Airport,1222,00535,Airport,0.57,Airport CDP,2143.86,
Alhambra Valley,739,00898,Alhambra Valley,1.34,Alhambra Valley CDP,551.49,
Antelope,47326,02210,Antelope,6.84,Antelope CDP,6919.01,154.0
Albion,302,00716,Albion,1.82,Albion CDP,165.93,2.0
Alderpoint,157,00786,Alderpoint,2.43,Alderpoint CDP,64.61,
Alleghany,30,00982,Alleghany,0.35,Alleghany CDP,85.71,
Allendale,1362,00996,Allendale,6.14,Allendale CDP,221.82,
Allensworth,527,01010,Allensworth,3.1,Allensworth CDP,170.0,
Alta,485,01276,Alta,2.38,Alta CDP,203.78,
Biggs,2323,06560,Biggs,0.63,Biggs city,3687.3,2.0
Oroville,19040,54386,Oroville,13.83,Oroville city,1376.72,1620.0
Palermo,5544,55086,Palermo,29.16,Palermo CDP,190.12,49.0
South Oroville,3181,73178,South Oroville,2.66,South Oroville CDP,1195.86,
Thermalito,6704,78470,Thermalito,12.73,Thermalito CDP,526.63,
Borrego Springs,2252,07596,Borrego Springs,43.07,Borrego Springs CDP,52.29,813.0
Bostonia,17530,07624,Bostonia,1.93,Bostonia CDP,9082.9,27.0
Del Mar,4340,18506,Del Mar,1.71,Del Mar city,2538.01,
El Cajon,103285,21712,El Cajon,14.48,El Cajon city,7132.94,5359.0
Castroville,6686,11978,Castroville,1.02,Castroville CDP,6554.9,330.0
Lake Los Angeles,11469,39612,Lake Los Angeles,9.74,Lake Los Angeles CDP,1177.52,
Del Rey Oaks,1596,18688,Del Rey Oaks,0.48,Del Rey Oaks city,3325.0,
Elkhorn,1151,22034,Elkhorn,4.8,Elkhorn CDP,239.79,
Sand City,318,65112,Sand City,0.56,Sand City city,567.86,
Benicia,28088,05290,Benicia,12.91,Benicia city,2175.68,266.0
Dixon,19759,19402,Dixon,7.13,Dixon city,2771.25,34.0
Arroyo Grande,18039,02868,Arroyo Grande,5.94,Arroyo Grande city,3036.87,889.0
Atascadero,30037,03064,Atascadero,26.08,Atascadero city,1151.73,398.0
Oceano,7678,53294,Oceano,1.53,Oceano CDP,5018.3,443.0
Shandon,1141,71134,Shandon,2.95,Shandon CDP,386.78,
Lathrop,21393,40704,Lathrop,19.79,Lathrop city,1081.0,333.0
El Granada,5819,21936,El Granada,4.83,El Granada CDP,1204.76,
San Mateo,104035,68252,San Mateo,12.17,San Mateo city,8548.48,
South Taft,1526,73388,South Taft,1.08,South Taft CDP,1412.96,
Boron,2312,07568,Boron,13.8,Boron CDP,167.54,169.0
Eureka,27020,23042,Eureka,9.38,Eureka city,2880.6,768.0
Isleton,583,36882,Isleton,0.44,Isleton city,1325.0,249.0
Ladera Heights,7090,39108,Ladera Heights,2.97,Ladera Heights CDP,2387.21,
Westmont,33723,84592,Westmont,1.85,Westmont CDP,18228.65,
Fair Oaks,31002,23294,Fair Oaks,10.88,Fair Oaks CDP,2849.45,
Bakersfield,375699,03526,Bakersfield,149.73,Bakersfield city,2509.18,4665.0
Corona,165355,16350,Corona,39.43,Corona city,4193.63,1381.0
Woodcrest,17310,86244,Woodcrest,11.38,Woodcrest CDP,1521.09,
Mammoth Lakes,8091,45358,Mammoth Lakes,24.87,Mammoth Lakes town,325.33,174.0
Cabazon,3367,09360,Cabazon,4.87,Cabazon CDP,691.38,
French Camp,3857,26028,French Camp,3.09,French Camp CDP,1248.22,15.0
Clearlake Oaks,2279,13966,Clearlake Oaks,1.98,Clearlake Oaks CDP,1151.01,284.0
Canyon Lake,11106,10928,Canyon Lake,3.92,Canyon Lake city,2833.16,1.0
Winters,7132,86034,Winters,2.93,Winters city,2434.13,91.0
Deer Park,906,18324,Deer Park,5.62,Deer Park CDP,161.21,
Tara Hills,5405,77924,Tara Hills,0.66,Tara Hills CDP,8189.39,
Mill Valley,14343,47710,Mill Valley,4.76,Mill Valley city,3013.24,
Le Grand,1726,41040,Le Grand,1.14,Le Grand CDP,1514.04,
Brentwood,60446,08142,Brentwood,14.86,Brentwood city,4067.7,245.0
Pleasant Hill,34785,57764,Pleasant Hill,7.07,Pleasant Hill city,4920.08,43.0
Roseville,133049,62938,Roseville,43.07,Roseville city,3089.13,522.0
Williams,5223,85586,Williams,5.44,Williams city,960.11,28.0
Loyalton,1149,44364,Loyalton,0.36,Loyalton city,3191.67,21.0
Sunnyside-Tahoe City,1222,76015,Sunnyside-Tahoe City,3.38,Sunnyside-Tahoe City CDP,361.54,
East Richmond Heights,3214,21061,East Richmond Heights,0.58,East Richmond Heights CDP,5541.38,
Chino,87735,13210,Chino,29.64,Chino city,2960.02,554.0
Salton Sea Beach,355,64308,Salton Sea Beach,0.3,Salton Sea Beach CDP,1183.33,
Carrick,47,11481,Carrick,0.06,Carrick CDP,783.33,
Rainbow,1994,59248,Rainbow,11.04,Rainbow CDP,180.62,5.0
Victorville,121861,82590,Victorville,73.62,Victorville city,1655.27,1248.0
Keeler,15,37918,Keeler,1.3,Keeler CDP,11.54,
Blairsden,25,06994,Blairsden,0.54,Blairsden CDP,46.3,4.0
Point Arena,418,57876,Point Arena,1.36,Point Arena city,307.35,1.0
Crest,2746,17106,Crest,6.53,Crest CDP,420.52,
Rancho San Diego,21289,59550,Rancho San Diego,8.7,Rancho San Diego CDP,2447.01,
San Diego Country Estates,10381,66004,San Diego Country Estates,16.78,San Diego Country Estates CDP,618.65,
Anaheim,349668,02000,Anaheim,50.32,Anaheim city,6948.89,3542.0
Fullerton,139866,28000,Fullerton,22.43,Fullerton city,6235.67,815.0
Brea,42330,08100,Brea,12.18,Brea city,3475.37,952.0
Cypress,48955,17750,Cypress,6.61,Cypress city,7406.2,340.0
Dana Point,33913,17946,Dana Point,6.49,Dana Point city,5225.42,169.0
Huntington Beach,200606,36000,Huntington Beach,27.0,Huntington Beach city,7429.85,2909.0
Rossmoor,11160,63050,Rossmoor,1.54,Rossmoor CDP,7246.75,
Fillmore,15598,24092,Fillmore,3.36,Fillmore city,4642.26,335.0
El Rio,6505,22370,El Rio,2.02,El Rio CDP,3220.3,
Vallecito,183,81652,Vallecito,8.56,Vallecito CDP,21.38,
San Bernardino,215182,65000,San Bernardino,62.04,San Bernardino city,3468.44,3861.0
Orland,7541,54274,Orland,2.97,Orland city,2539.06,309.0
Running Springs,4296,63316,Running Springs,4.2,Running Springs CDP,1022.86,
Delleker,514,18485,Delleker,2.77,Delleker CDP,185.56,
Hacienda Heights,54970,31596,Hacienda Heights,11.18,Hacienda Heights CDP,4916.82,456.0
Lakeside,22560,39766,Lakeside,6.93,Lakeside CDP,3255.41,1972.0
National City,60896,50398,National City,7.29,National City city,8353.36,362.0
Rancho Santa Fe,2591,59584,Rancho Santa Fe,6.72,Rancho Santa Fe CDP,385.57,
San Marcos,94709,68196,San Marcos,24.36,San Marcos city,3887.89,3590.0
Bodega Bay,733,07260,Bodega Bay,8.34,Bodega Bay CDP,87.89,32.0
Boyes Hot Springs,7863,07848,Boyes Hot Springs,1.06,Boyes Hot Springs CDP,7417.92,
Santa Rosa,181038,70098,Santa Rosa,42.51,Santa Rosa city,4258.72,3758.0
Temelec,1564,78126,Temelec,1.59,Temelec CDP,983.65,
Fountain Valley,56372,25380,Fountain Valley,9.07,Fountain Valley city,6215.21,374.0
Avenal,12923,03302,Avenal,19.42,Avenal city,665.45,23.0
Kettleman City,1395,38394,Kettleman City,0.21,Kettleman City CDP,6642.86,
Irvine,265502,36770,Irvine,65.58,Irvine city,4048.52,893.0
Los Alamitos,11628,43224,Los Alamitos,4.02,Los Alamitos city,2892.54,109.0
Newark,46276,50916,Newark,13.88,Newark city,3334.01,
Easton,2206,20928,Easton,3.01,Easton CDP,732.89,
Kerman,14649,38226,Kerman,3.27,Kerman city,4479.82,116.0
Sonora,4822,72674,Sonora,3.16,Sonora city,1525.95,874.0
Twain Harte,2523,80966,Twain Harte,3.7,Twain Harte CDP,681.89,35.0
Redway,1199,60088,Redway,1.25,Redway CDP,959.2,96.0
Rio Dell,3382,60900,Rio Dell,2.28,Rio Dell city,1483.33,92.0
Sattley,77,70336,Sattley,2.05,Sattley CDP,37.56,
Scotia,602,70518,Scotia,0.75,Scotia CDP,802.67,1.0
Seacliff,3201,70644,Seacliff,0.73,Seacliff CDP,4384.93,
Sea Ranch,1161,70712,Sea Ranch,16.14,Sea Ranch CDP,71.93,
Sequoia Crest,28,70966,Sequoia Crest,1.02,Sequoia Crest CDP,27.45,
Sereno del Mar,82,71000,Sereno del Mar,0.74,Sereno del Mar CDP,110.81,
Seville,691,71078,Seville,0.64,Seville CDP,1079.69,
Shasta,1804,71218,Shasta,10.94,Shasta CDP,164.9,41.0
Shell Ridge,1281,71362,Shell Ridge,0.43,Shell Ridge CDP,2979.07,
Shelter Cove,501,71372,Shelter Cove,5.83,Shelter Cove CDP,85.93,
Sheridan,1250,71414,Sheridan,26.03,Sheridan CDP,48.02,25.0
Hercules,25343,33308,Hercules,6.41,Hercules city,3953.67,
Oakley,40669,53070,Oakley,15.86,Oakley city,2564.25,331.0
Rodeo,10411,62490,Rodeo,3.75,Rodeo CDP,2776.27,24.0
Coalinga,16538,14274,Coalinga,6.67,Coalinga city,2479.46,283.0
Fresno,522277,27000,Fresno,114.33,Fresno city,4568.15,4192.0
West Sacramento,52826,84816,West Sacramento,21.47,West Sacramento city,2460.46,1325.0
Interlaken,7191,36613,Interlaken,9.81,Interlaken CDP,733.03,
Live Oak,17390,41922,Live Oak,3.24,Live Oak CDP,5367.28,101.0
Rio del Mar,9775,60928,Rio del Mar,3.0,Rio del Mar CDP,3258.33,
Nipomo,17445,51476,Nipomo,14.85,Nipomo CDP,1174.75,71.0
Oceanside,175389,53322,Oceanside,41.24,Oceanside city,4252.89,2438.0
Markleeville,143,45988,Markleeville,6.53,Markleeville CDP,21.9,42.0
Morro Bay,10592,49362,Morro Bay,5.32,Morro Bay city,1990.98,452.0
Fort Jones,832,25128,Fort Jones,0.6,Fort Jones city,1386.67,5.0
Valinda,25296,81638,Valinda,2.01,Valinda CDP,12585.07,
La Mirada,48974,40032,La Mirada,7.82,La Mirada city,6262.66,150.0
La Verne,32358,40830,La Verne,8.44,La Verne city,3833.89,1754.0
Lawndale,33007,40886,Lawndale,1.97,Lawndale city,16754.82,110.0
Littlerock,1766,41880,Littlerock,1.84,Littlerock CDP,959.78,59.0
Marina del Rey,9771,45806,Marina del Rey,0.86,Marina del Rey CDP,11361.63,
San Dimas,34239,66070,San Dimas,15.04,San Dimas city,2276.53,906.0
San Gabriel,40242,67042,San Gabriel,4.14,San Gabriel city,9720.29,
Alameda,78462,00562,Alameda,10.44,Alameda city,7515.52,
Albany,19758,00674,Albany,1.79,Albany city,11037.99,
Lynwood,71022,44574,Lynwood,4.84,Lynwood city,14673.97,35.0
Fairview,10299,23350,Fairview,2.75,Fairview CDP,3745.09,
San Lorenzo,25388,68112,San Lorenzo,2.78,San Lorenzo CDP,9132.37,
Wofford Heights,1973,86174,Wofford Heights,6.4,Wofford Heights CDP,308.28,224.0
East Hemet,20679,20697,East Hemet,5.2,East Hemet CDP,3976.73,
Homeland,7326,34316,Homeland,4.27,Homeland CDP,1715.69,
Valle Vista,16879,81708,Valle Vista,6.87,Valle Vista CDP,2456.91,
Bay Point,25165,04415,Bay Point,6.45,Bay Point CDP,3901.55,728.0
Crockett,3094,17274,Crockett,1.06,Crockett CDP,2918.87,
El Cerrito,25203,21796,El Cerrito,3.66,El Cerrito city,6886.07,
Pinole,19264,57288,Pinole,5.1,Pinole city,3777.25,
Rollingwood,3110,62700,Rollingwood,0.17,Rollingwood CDP,18294.12,
Ojai,7555,53476,Ojai,4.35,Ojai city,1736.78,860.0
Port Hueneme,22215,58296,Port Hueneme,4.43,Port Hueneme city,5014.67,
Santa Paula,30258,70042,Santa Paula,4.54,Santa Paula city,6664.76,775.0
Inverness,1127,36616,Inverness,6.4,Inverness CDP,176.09,
Point Reyes Station,290,57960,Point Reyes Station,3.62,Point Reyes Station CDP,80.11,
Lake Almanor West,126,39425,Lake Almanor West,2.29,Lake Almanor West CDP,55.02,
Portola,1912,58352,Portola,5.41,Portola city,353.42,128.0
Storrie,0,75168,Storrie,0.08,Storrie CDP,0.0,
Twain,33,80952,Twain,7.19,Twain CDP,4.59,20.0
Livingston,13997,42006,Livingston,3.67,Livingston city,3813.9,114.0
East Palo Alto,29633,20956,East Palo Alto,2.52,East Palo Alto city,11759.13,146.0
Redwood City,85217,60102,Redwood City,19.27,Redwood City city,4422.26,834.0
San Bruno,43114,65028,San Bruno,5.47,San Bruno city,7881.9,
Lafayette,26060,39122,Lafayette,15.05,Lafayette city,1731.56,
Avalon,3763,03274,Avalon,2.88,Avalon city,1306.6,17.0
Woodland,59044,86328,Woodland,15.31,Woodland city,3856.56,617.0
Acton,7185,00212,Acton,39.26,Acton CDP,183.01,225.0
Arcadia,58207,02462,Arcadia,10.92,Arcadia city,5330.31,
Bell,35809,04870,Bell,2.5,Bell city,14323.6,80.0
Carson,92517,11530,Carson,18.72,Carson city,4942.15,2238.0
Compton,97301,15044,Compton,10.03,Compton city,9701.0,1769.0
Diamond Bar,56434,19192,Diamond Bar,14.87,Diamond Bar city,3795.16,147.0
East San Gabriel,15932,21096,East San Gabriel,1.56,East San Gabriel CDP,10212.82,
Panorama Heights,42,55506,Panorama Heights,0.48,Panorama Heights CDP,87.5,
Alturas,2577,01444,Alturas,2.82,Alturas city,913.83,67.0
Westwood,1545,84928,Westwood,5.44,Westwood CDP,284.01,103.0
Highland,54859,33588,Highland,18.75,Highland city,2925.81,1119.0
Joshua Tree,6980,37554,Joshua Tree,36.09,Joshua Tree CDP,193.41,126.0
Morongo Valley,3262,49348,Morongo Valley,25.22,Morongo Valley CDP,129.34,154.0
Ontario,173580,53896,Ontario,49.96,Ontario city,3474.38,2017.0
Yucca Valley,21543,87056,Yucca Valley,39.83,Yucca Valley town,540.87,772.0
Los Alamos,1623,43252,Los Alamos,3.87,Los Alamos CDP,419.38,106.0
Mission Canyon,2755,48147,Mission Canyon,1.51,Mission Canyon CDP,1824.5,
Hemet,84069,33182,Hemet,29.27,Hemet city,2872.19,6987.0
Indian Wells,5317,36434,Indian Wells,14.32,Indian Wells city,371.3,
Perris,76276,56700,Perris,31.56,Perris city,2416.86,469.0
Bystrom,4099,09353,Bystrom,0.71,Bystrom CDP,5773.24,
Waterford,8823,83612,Waterford,2.36,Waterford city,3738.56,115.0
East Porterville,6679,21012,East Porterville,3.02,East Porterville CDP,2211.59,
Ivanhoe,4198,36910,Ivanhoe,2.01,Ivanhoe CDP,2088.56,
San Juan Capistrano,35952,68028,San Juan Capistrano,14.43,San Juan Capistrano city,2491.48,1216.0
Tipton,3218,78750,Tipton,1.01,Tipton CDP,3186.14,
Woodville,1852,86482,Woodville,4.35,Woodville CDP,425.75,
Rancho Santa Margarita,48792,59587,Rancho Santa Margarita,12.89,Rancho Santa Margarita city,3785.26,
Olivehurst,13309,53714,Olivehurst,7.46,Olivehurst CDP,1784.05,28.0
Big Bear Lake,5229,06434,Big Bear Lake,6.24,Big Bear Lake city,837.98,298.0
Gerber,1259,29392,Gerber,0.93,Gerber CDP,1353.76,21.0
Geyserville,928,29420,Geyserville,4.51,Geyserville CDP,205.76,
Gold Mountain,0,30339,Gold Mountain,6.09,Gold Mountain CDP,0.0,
Good Hope,9173,30410,Good Hope,11.23,Good Hope CDP,816.83,
Goodyears Bar,29,30420,Goodyears Bar,2.05,Goodyears Bar CDP,14.15,
Grangeville,586,30686,Grangeville,0.64,Grangeville CDP,915.62,
Graniteville,0,30714,Graniteville,1.49,Graniteville CDP,0.0,
Greeley Hill,687,30900,Greeley Hill,21.05,Greeley Hill CDP,32.64,
Westminster,91417,84550,Westminster,10.04,Westminster city,9105.28,2886.0
Marysville,12282,46170,Marysville,3.46,Marysville city,3549.71,776.0
Tahoe Vista,1288,77700,Tahoe Vista,2.72,Tahoe Vista CDP,473.53,58.0
Moss Beach,3799,49446,Moss Beach,2.24,Moss Beach CDP,1695.98,227.0
Inyokern,740,36658,Inyokern,10.93,Inyokern CDP,67.7,54.0
Burlingame,30459,09066,Burlingame,4.41,Burlingame city,6906.8,
San Carlos,30080,65070,San Carlos,5.51,San Carlos city,5459.17,
South San Francisco,67294,73262,South San Francisco,9.23,South San Francisco city,7290.79,
Edwards AFB,2571,21600,Edwards AFB,17.13,Edwards AFB CDP,150.09,
Frazier Park,2570,25534,Frazier Park,5.07,Frazier Park CDP,506.9,81.0
McKittrick,127,44924,McKittrick,2.62,McKittrick CDP,48.47,
Squirrel Mountain Valley,1159,73815,Squirrel Mountain Valley,1.8,Squirrel Mountain Valley CDP,643.89,
Weedpatch,2238,83863,Weedpatch,3.56,Weedpatch CDP,628.65,
Mira Monte,6912,48046,Mira Monte,4.57,Mira Monte CDP,1512.47,
Oxnard,207568,54652,Oxnard,26.95,Oxnard city,7701.97,2787.0
Black Point-Green Point,1655,06982,Black Point-Green Point,2.83,Black Point-Green Point CDP,584.81,
Lucas Valley-Marinwood,6841,44399,Lucas Valley-Marinwood,5.73,Lucas Valley-Marinwood CDP,1193.89,
Ross,2309,62980,Ross,1.56,Ross town,1480.13,
San Geronimo,466,67070,San Geronimo,1.51,San Geronimo CDP,308.61,
Tamalpais-Homestead Valley,11261,77805,Tamalpais-Homestead Valley,4.69,Tamalpais-Homestead Valley CDP,2401.07,
Woodacre,1303,86216,Woodacre,1.8,Woodacre CDP,723.89,
Grass Valley,12932,30798,Grass Valley,5.25,Grass Valley city,2463.24,1272.0
Penn Valley,1424,56518,Penn Valley,2.12,Penn Valley CDP,671.7,161.0
Greenville,1108,31162,Greenville,7.99,Greenville CDP,138.67,62.0
Lake Almanor Peninsula,416,39420,Lake Almanor Peninsula,3.04,Lake Almanor Peninsula CDP,136.84,
Taylorsville,244,78008,Taylorsville,3.25,Taylorsville CDP,75.08,39.0
Tobin,0,78792,Tobin,5.03,Tobin CDP,0.0,
Planada,4418,57582,Planada,1.58,Planada CDP,2796.2,
Winton,11761,86076,Winton,3.04,Winton CDP,3868.75,119.0
Broadmoor,5286,08338,Broadmoor,0.45,Broadmoor CDP,11746.67,
Moraga,17398,49187,Moraga,9.46,Moraga town,1839.11,
Foster City,33784,25338,Foster City,3.8,Foster City city,8890.53,
Highlands-Baywood Park,4564,33633,Highlands-Baywood Park,1.81,Highlands-Baywood Park CDP,2521.55,
Hillsborough,11439,33798,Hillsborough,6.19,Hillsborough town,1847.98,
North Fair Oaks,14547,51840,North Fair Oaks,1.2,North Fair Oaks CDP,12122.5,
Johannesburg,138,37400,Johannesburg,2.41,Johannesburg CDP,57.26,
Mojave,4230,48452,Mojave,58.29,Mojave CDP,72.57,242.0
Oildale,34723,53448,Oildale,6.53,Oildale CDP,5317.46,
Rosedale,16737,62854,Rosedale,29.27,Rosedale CDP,571.81,
Coachella,44849,14260,Coachella,30.08,Coachella city,1490.99,362.0
Linden,1790,41670,Linden,7.41,Linden CDP,241.57,
Cherry Valley,7755,12916,Cherry Valley,8.02,Cherry Valley CDP,966.96,278.0
Lakeland Village,13170,39598,Lakeland Village,8.78,Lakeland Village CDP,1500.0,
Lakeview,2566,39836,Lakeview,3.26,Lakeview CDP,787.12,
Mecca,7174,46660,Mecca,6.96,Mecca CDP,1030.75,59.0
Moreno Valley,205034,49270,Moreno Valley,51.27,Moreno Valley city,3999.1,872.0
Nuevo,7033,52624,Nuevo,6.77,Nuevo CDP,1038.85,
Wallace,1063,83304,Wallace,4.34,Wallace CDP,244.93,
Adelanto,33416,00296,Adelanto,52.91,Adelanto city,631.56,257.0
Bloomington,21783,07064,Bloomington,6.07,Bloomington CDP,3588.63,496.0
Needles,4962,50734,Needles,30.58,Needles city,162.26,586.0
Paradise,186,55528,Paradise,4.35,Paradise CDP,42.76,1586.0
Paradise Park,543,55604,Paradise Park,0.28,Paradise Park CDP,1939.29,
Parklawn,1082,55728,Parklawn,0.17,Parklawn CDP,6364.71,
Parkway,15885,55800,Parkway,2.4,Parkway CDP,6618.75,
Pasatiempo,1018,56028,Pasatiempo,0.88,Pasatiempo CDP,1156.82,
Paskenta,105,56042,Paskenta,1.08,Paskenta CDP,97.22,
Patterson Tract,2351,56120,Patterson Tract,1.45,Patterson Tract CDP,1621.38,
Patton Village,604,56140,Patton Village,3.32,Patton Village CDP,181.93,
Paynes Creek,53,56196,Paynes Creek,3.43,Paynes Creek CDP,15.45,
Penngrove,2961,56476,Penngrove,4.02,Penngrove CDP,736.57,34.0
Penryn,925,56546,Penryn,1.83,Penryn CDP,505.46,
Pescadero,226,56756,Pescadero,4.03,Pescadero CDP,56.08,
Peters,604,56798,Peters,2.53,Peters CDP,238.74,
Phelan,15532,56826,Phelan,60.1,Phelan CDP,258.44,60.0
Phillipsville,72,56854,Phillipsville,0.71,Phillipsville CDP,101.41,24.0
Philo,201,56868,Philo,2.05,Philo CDP,98.05,9.0
Phoenix Lake,4283,56870,Phoenix Lake,11.01,Phoenix Lake CDP,389.01,
Pierpoint,0,57011,Pierpoint,0.41,Pierpoint CDP,0.0,
Pike,167,57036,Pike,4.32,Pike CDP,38.66,
Pine Canyon,2294,57070,Pine Canyon,3.34,Pine Canyon CDP,686.83,
Pine Flat,149,57134,Pine Flat,1.16,Pine Flat CDP,128.45,
Pine Grove,1730,57148,Pine Grove,6.97,Pine Grove CDP,248.21,135.0
Pine Mountain Lake,2671,57244,Pine Mountain Lake,18.97,Pine Mountain Lake CDP,140.8,
Piñon Hills,7592,57302,Piñon Hills,32.12,Piñon Hills CDP,236.36,
Pioneer,1443,57330,Pioneer,4.31,Pioneer CDP,334.8,186.0
Plainview,863,57568,Plainview,0.31,Plainview CDP,2783.87,
Plumas Lake,7367,57829,Plumas Lake,8.39,Plumas Lake CDP,878.07,
Ponderosa,0,58134,Ponderosa,0.81,Ponderosa CDP,0.0,
Posey,0,58422,Posey,0.36,Posey CDP,0.0,
Poso Park,2,58436,Poso Park,0.04,Poso Park CDP,50.0,
Potrero,625,58478,Potrero,3.15,Potrero CDP,198.41,54.0
Aliso Viejo,50925,00947,Aliso Viejo,6.92,Aliso Viejo city,7359.1,
Yountville,2982,86930,Yountville,1.49,Yountville city,2001.34,317.0
Goleta,30790,30378,Goleta,7.85,Goleta city,3922.29,650.0
Eastvale,61337,21230,Eastvale,12.66,Eastvale city,4844.94,716.0
Fairbanks Ranch,2901,23150,Fairbanks Ranch,5.09,Fairbanks Ranch CDP,569.94,
Imperial Beach,27290,36294,Imperial Beach,4.3,Imperial Beach city,6346.51,81.0
Poway,49842,58520,Poway,39.08,Poway city,1275.38,696.0
Valley Center,9059,81736,Valley Center,27.46,Valley Center CDP,329.9,387.0
Concow,743,16035,Concow,27.41,Concow CDP,27.11,
Greenfield,17276,30994,Greenfield,2.14,Greenfield city,8072.9,84.0
Pacific Grove,15567,54848,Pacific Grove,2.86,Pacific Grove city,5443.01,103.0
San Ardo,554,64476,San Ardo,0.45,San Ardo CDP,1231.11,14.0
Seaside,34077,70742,Seaside,9.24,Seaside city,3687.99,488.0
Suisun City,29379,75630,Suisun City,4.11,Suisun City city,7148.18,54.0
Rancho Calaveras,7035,59426,Rancho Calaveras,8.38,Rancho Calaveras CDP,839.5,
Apple Valley,72359,02364,Apple Valley,74.92,Apple Valley town,965.82,1427.0
Barstow,23812,04030,Barstow,41.28,Barstow city,576.84,1296.0
Big River,1145,06635,Big River,10.83,Big River CDP,105.72,
Winchester,2931,85894,Winchester,8.01,Winchester CDP,365.92,
Heber,4686,33084,Heber,1.48,Heber CDP,3166.22,54.0
Salton City,5611,64294,Salton City,21.44,Salton City CDP,261.71,185.0
Cartago,7,11600,Cartago,1.17,Cartago CDP,5.98,4.0
Furnace Creek,127,28021,Furnace Creek,31.2,Furnace Creek CDP,4.07,
Oak Park,13730,53116,Oak Park,5.29,Oak Park CDP,2595.46,
San Buenaventura (Ventura),110234,65042,San Buenaventura (Ventura),21.88,San Buenaventura (Ventura) city,5038.12,
Greenacres,5757,30938,Greenacres,1.9,Greenacres CDP,3030.0,
Green Acres,2542,30944,Green Acres,1.4,Green Acres CDP,1815.71,
Greenfield,3534,30987,Greenfield,1.33,Greenfield CDP,2657.14,84.0
Green Valley (Los Angeles County),973,31092,Green Valley,12.81,Green Valley CDP,75.96,
Green Valley (Solano County),1572,31099,Green Valley,8.41,Green Valley CDP,186.92,
Grimes,358,31288,Grimes,2.26,Grimes CDP,158.41,26.0
Grizzly Flats,1087,31302,Grizzly Flats,6.63,Grizzly Flats CDP,163.95,
Groveland,307,31372,Groveland,9.56,Groveland CDP,32.11,137.0
Guinda,175,31540,Guinda,2.91,Guinda CDP,60.14,
Happy Camp,810,32030,Happy Camp,12.11,Happy Camp CDP,66.89,66.0
Hardwick,30,32156,Hardwick,0.14,Hardwick CDP,214.29,
Hartland,0,32324,Hartland,0.61,Hartland CDP,0.0,
Hartley,2907,32340,Hartley,6.47,Hartley CDP,449.3,
Hasley Canyon,1085,32385,Hasley Canyon,5.74,Hasley Canyon CDP,189.02,
Herald,1058,33294,Herald,7.88,Herald CDP,134.26,
Herlong,1353,33336,Herlong,1.63,Herlong CDP,830.06,63.0
Hiouchi,433,33935,Hiouchi,0.58,Hiouchi CDP,746.55,
Homestead Valley,2723,34392,Homestead Valley,33.88,Homestead Valley CDP,80.37,
Homewood Canyon,35,34405,Homewood Canyon,10.25,Homewood Canyon CDP,3.41,
Honcut,135,34428,Honcut,4.24,Honcut CDP,31.84,
Hood,303,34484,Hood,0.32,Hood CDP,946.88,20.0
Hopland,921,34652,Hopland,3.52,Hopland CDP,261.65,
Hornitos,61,34708,Hornitos,1.17,Hornitos CDP,52.14,
Hat Creek,164,32408,Hat Creek,50.01,Hat Creek CDP,3.28,
Hyampom,165,36098,Hyampom,20.27,Hyampom CDP,8.14,12.0
Idlewild,0,36168,Idlewild,0.46,Idlewild CDP,0.0,
Indianola,686,36420,Indianola,1.41,Indianola CDP,486.52,
Indio Hills,708,36452,Indio Hills,21.86,Indio Hills CDP,32.39,
Jacumba,202,37022,Jacumba,6.13,Jacumba CDP,32.95,20.0
Janesville,1278,37134,Janesville,13.19,Janesville CDP,96.89,31.0
Tustin,80140,80854,Tustin,11.12,Tustin city,7206.83,744.0
Beale AFB,1039,04576,Beale AFB,10.1,Beale AFB CDP,102.87,
Ashland,23635,02980,Ashland,1.84,Ashland CDP,12845.11,
Diablo,364,19150,Diablo,1.36,Diablo CDP,267.65,
Alamo,15317,00618,Alamo,9.67,Alamo CDP,1583.97,
Byron,1348,09346,Byron,6.52,Byron CDP,206.75,67.0
Richmond,109340,60620,Richmond,30.06,Richmond city,3637.39,
Vine Hill,3887,82842,Vine Hill,1.5,Vine Hill CDP,2591.33,
Hilmar-Irwin,5846,33861,Hilmar-Irwin,3.93,Hilmar-Irwin CDP,1487.53,
Belmont,27110,05108,Belmont,4.63,Belmont city,5855.29,91.0
Brisbane,4692,08310,Brisbane,3.1,Brisbane city,1513.55,61.0
Menlo Park,33869,46870,Menlo Park,10.01,Menlo Park city,3383.52,
Millbrae,22703,47486,Millbrae,3.25,Millbrae city,6985.54,
Newman,11119,51140,Newman,2.06,Newman city,5397.57,71.0
Riverdale Park,1301,61106,Riverdale Park,1.45,Riverdale Park CDP,897.24,
Porterville,59797,58240,Porterville,18.65,Porterville city,3206.27,1105.0
Galt,25675,28112,Galt,6.8,Galt city,3775.74,343.0
La Riviera,10851,40410,La Riviera,1.9,La Riviera CDP,5711.05,
Arnold,2605,02770,Arnold,14.79,Arnold CDP,176.13,
Dorrington,205,19570,Dorrington,3.63,Dorrington CDP,56.47,2.0
San Jacinto,47474,67112,San Jacinto,25.71,San Jacinto city,1846.52,1846.0
Arvin,21005,02924,Arvin,4.82,Arvin city,4357.88,228.0
California City,13646,09780,California City,203.61,California City city,67.02,102.0
Derby Acres,380,18926,Derby Acres,3.58,Derby Acres CDP,106.15,
Yreka,7551,86944,Yreka,9.99,Yreka city,755.86,344.0
El Paso de Robles (Paso Robles),31656,22300,El Paso de Robles (Paso Robles),19.64,El Paso de Robles (Paso Robles) city,1611.81,
Moss Landing,61,49488,Moss Landing,0.4,Moss Landing CDP,152.5,145.0
Belvedere,2098,05164,Belvedere,0.52,Belvedere city,4034.62,
Fairfax,7591,23168,Fairfax,2.2,Fairfax town,3450.45,
Cassel,176,11782,Cassel,2.03,Cassel CDP,86.7,18.0
Cedarville,360,12328,Cedarville,5.44,Cedarville CDP,66.18,8.0
Centerville,366,12412,Centerville,8.11,Centerville CDP,45.13,
Chalfant,999,12594,Chalfant,28.02,Chalfant CDP,35.65,
Cherokee,139,12818,Cherokee,1.75,Cherokee CDP,79.43,
Clay,1083,13854,Clay,6.76,Clay CDP,160.21,
Clear Creek,226,13910,Clear Creek,1.13,Clear Creek CDP,200.0,
Cherokee Strip,191,12860,Cherokee Strip,0.09,Cherokee Strip CDP,2122.22,
Clarksburg,442,13784,Clarksburg,2.03,Clarksburg CDP,217.73,
Clearlake Riviera,3933,13985,Clearlake Riviera,5.22,Clearlake Riviera CDP,753.45,
Yosemite Valley,1110,86912,Yosemite Valley,2.06,Yosemite Valley CDP,538.83,
Port Costa,186,58226,Port Costa,0.16,Port Costa CDP,1162.5,
San Pablo,30839,68294,San Pablo,2.63,San Pablo city,11725.86,718.0
Lake Nacimiento,2884,39670,Lake Nacimiento,10.35,Lake Nacimiento CDP,278.65,
Etna,735,22972,Etna,0.76,Etna city,967.11,43.0
Live Oak,8622,41936,Live Oak,3.12,Live Oak city,2763.46,101.0
Sutter,2994,77378,Sutter,3.04,Sutter CDP,984.87,
East Foothills,6278,20598,East Foothills,2.11,East Foothills CDP,2975.36,
Lexington Hills,2603,41282,Lexington Hills,4.72,Lexington Hills CDP,551.48,
Carmel-by-the-Sea,3855,11250,Carmel-by-the-Sea,1.07,Carmel-by-the-Sea city,3602.8,
Del Monte Forest,4197,18590,Del Monte Forest,8.04,Del Monte Forest CDP,522.01,
San Lucas,472,68140,San Lucas,0.39,San Lucas CDP,1210.26,
Spreckels,385,73612,Spreckels,0.12,Spreckels CDP,3208.33,
Fallbrook,33021,23462,Fallbrook,17.5,Fallbrook CDP,1886.91,791.0
Granite Hills,2833,30703,Granite Hills,2.79,Granite Hills CDP,1015.41,
Georgetown,2668,29350,Georgetown,15.13,Georgetown CDP,176.34,33.0
McCloud,1072,44784,McCloud,2.42,McCloud CDP,442.98,
Lompico,887,42510,Lompico,3.37,Lompico CDP,263.2,
Long Barn,93,42622,Long Barn,2.88,Long Barn CDP,32.29,
Lookout,76,43126,Lookout,5.33,Lookout CDP,14.26,
Los Berros,541,44042,Los Berros,2.51,Los Berros CDP,215.54,
Los Olivos,831,44168,Los Olivos,2.46,Los Olivos CDP,337.8,
Los Osos,16292,44182,Los Osos,12.76,Los Osos CDP,1276.8,493.0
Los Ranchos,1730,44242,Los Ranchos,2.83,Los Ranchos CDP,611.31,
Lucerne Valley,5423,44420,Lucerne Valley,105.59,Lucerne Valley CDP,51.36,48.0
Lytle Creek,724,44644,Lytle Creek,6.02,Lytle Creek CDP,120.27,10.0
Mabie,74,44672,Mabie,3.64,Mabie CDP,20.33,
McClellan Park,809,44760,McClellan Park,4.08,McClellan Park CDP,198.28,
McClenney Tract,41,44770,McClenney Tract,0.62,McClenney Tract CDP,66.13,
McGee Creek,0,44830,McGee Creek,4.01,McGee Creek CDP,0.0,
McSwain,4137,45006,McSwain,6.04,McSwain CDP,684.93,
East Whittier,10391,21292,East Whittier,1.09,East Whittier CDP,9533.03,
Jurupa Valley,103784,37692,Jurupa Valley,42.94,Jurupa Valley city,2416.95,36.0
Garden Acres,10701,28182,Garden Acres,2.58,Garden Acres CDP,4147.67,
Lincoln Village,4768,41558,Lincoln Village,0.74,Lincoln Village CDP,6443.24,
Carlsbad,113670,11194,Carlsbad,37.75,Carlsbad city,3011.13,1141.0
Chula Vista,266468,13392,Chula Vista,49.63,Chula Vista city,5369.09,3566.0
Clipper Mills,319,14148,Clipper Mills,1.74,Clipper Mills CDP,183.33,
Coarsegold,1643,14288,Coarsegold,10.99,Coarsegold CDP,149.5,203.0
Coffee Creek,186,14406,Coffee Creek,11.52,Coffee Creek CDP,16.15,
Cohasset,990,14442,Cohasset,25.31,Cohasset CDP,39.11,14.0
Cold Springs (El Dorado County),675,14450,Cold Springs,0.76,Cold Springs CDP,888.16,
Cold Springs (Tuolumne County),108,14454,Cold Springs,1.73,Cold Springs CDP,62.43,
Coleville,515,14484,Coleville,13.79,Coleville CDP,37.35,
College City,239,14554,College City,3.28,College City CDP,72.87,
Coloma,673,14764,Coloma,3.36,Coloma CDP,200.3,
Comptche,83,15030,Comptche,1.15,Comptche CDP,72.17,
Coronita,3138,16420,Coronita,0.6,Coronita CDP,5230.0,
Courtland,537,16714,Courtland,1.8,Courtland CDP,298.33,
Collierville,2642,14708,Collierville,6.59,Collierville CDP,400.91,
Cowan,570,16762,Cowan,0.14,Cowan CDP,4071.43,
Cressey,356,17078,Cressey,1.76,Cressey CDP,202.27,
Creston,30,17232,Creston,0.56,Creston CDP,53.57,1.0
Crowley Lake,889,17372,Crowley Lake,2.81,Crowley Lake CDP,316.37,115.0
Crows Landing,278,17428,Crows Landing,3.18,Crows Landing CDP,87.42,4.0
Cuyama,9,17727,Cuyama,0.45,Cuyama CDP,20.0,
Daphnedale Park,135,17995,Daphnedale Park,1.33,Daphnedale Park CDP,101.5,
Davenport,264,18086,Davenport,2.83,Davenport CDP,93.29,
Delft Colony,653,18450,Delft Colony,0.07,Delft Colony CDP,9328.57,
Descanso,1644,18940,Descanso,19.16,Descanso CDP,85.8,
Desert Center,264,18982,Desert Center,30.42,Desert Center CDP,8.68,107.0
Desert Edge,3343,18986,Desert Edge,2.27,Desert Edge CDP,1472.69,
Desert Palms,6947,19022,Desert Palms,2.67,Desert Palms CDP,2601.87,
Diablo Grande,841,19155,Diablo Grande,5.1,Diablo Grande CDP,164.9,
Dobbins,662,19416,Dobbins,7.75,Dobbins CDP,85.42,74.0
Dogtown,2629,19440,Dogtown,12.97,Dogtown CDP,202.7,
Dos Palos Y,242,19654,Dos Palos Y,1.58,Dos Palos Y CDP,153.16,
Douglas City,668,19724,Douglas City,25.04,Douglas City CDP,26.68,69.0
Downieville,114,19794,Downieville,3.18,Downieville CDP,35.85,8.0
Talmage,921,77784,Talmage,1.59,Talmage CDP,579.25,
Home Garden,1643,34281,Home Garden,0.44,Home Garden CDP,3734.09,
Guerneville,4808,31470,Guerneville,9.71,Guerneville CDP,495.16,8.0
Manton,372,45512,Manton,17.7,Manton CDP,21.02,14.0
Rancho Tehama Reserve,1922,59604,Rancho Tehama Reserve,11.64,Rancho Tehama Reserve CDP,165.12,
Durham,5863,20270,Durham,81.72,Durham CDP,71.74,
Armona,3795,02700,Armona,1.9,Armona CDP,1997.37,
Buena Park,82781,08786,Buena Park,10.52,Buena Park city,7868.92,256.0
San Leandro,90103,68084,San Leandro,13.34,San Leandro city,6754.35,1023.0
Bowles,194,07750,Bowles,0.38,Bowles CDP,510.53,
Huron,7019,36084,Huron,1.59,Huron city,4414.47,21.0
Sanger,24978,67056,Sanger,5.76,Sanger city,4336.46,380.0
Alhambra,84974,00884,Alhambra,7.63,Alhambra city,11136.83,
Bradbury,916,07946,Bradbury,1.96,Bradbury city,467.35,
El Sobrante (Contra Costa County),13736,22454,El Sobrante,2.76,El Sobrante CDP,4976.81,
Floriston,20,24526,Floriston,0.95,Floriston CDP,21.05,
Cleone,804,14008,Cleone,1.59,Cleone CDP,505.66,
Flournoy,171,24568,Flournoy,5.8,Flournoy CDP,29.48,
Forbestown,221,24750,Forbestown,6.27,Forbestown CDP,35.25,15.0
Forest Ranch,538,24918,Forest Ranch,13.92,Forest Ranch CDP,38.65,20.0
Fort Bidwell,181,25030,Fort Bidwell,3.2,Fort Bidwell CDP,56.56,
Fort Irwin,9086,25114,Fort Irwin,6.97,Fort Irwin CDP,1303.59,
Fort Washington,783,25300,Fort Washington,0.12,Fort Washington CDP,6525.0,
Franklin (Merced County),7314,25488,Franklin,2.02,Franklin CDP,3620.79,
Franklin (Sacramento County),117,25506,Franklin,2.11,Franklin CDP,55.45,
Freeport,81,25590,Freeport,0.05,Freeport CDP,1620.0,
French Valley,33818,26067,French Valley,10.87,French Valley CDP,3111.13,
Fruitridge Pocket,6215,27130,Fruitridge Pocket,0.6,Fruitridge Pocket CDP,10358.33,
Fuller Acres,841,27190,Fuller Acres,0.75,Fuller Acres CDP,1121.33,
Fulton,566,28014,Fulton,1.95,Fulton CDP,290.26,
Garberville,1126,28154,Garberville,2.68,Garberville CDP,420.15,12.0
Garden Farms,345,28210,Garden Farms,1.09,Garden Farms CDP,316.51,
Garey,160,29070,Garey,1.26,Garey CDP,126.98,
Garnet,5057,29112,Garnet,7.88,Garnet CDP,641.75,
Gasquet,620,29154,Gasquet,4.76,Gasquet CDP,130.25,153.0
Tiburon,9151,78666,Tiburon,4.48,Tiburon town,2042.63,
Prunedale,19584,58870,Prunedale,46.06,Prunedale CDP,425.18,
Grover Beach,13538,31393,Grover Beach,2.31,Grover Beach city,5860.61,170.0
Hornbrook,215,34694,Hornbrook,1.16,Hornbrook CDP,185.34,26.0
Tennant,18,78176,Tennant,0.24,Tennant CDP,75.0,
Yuba City,66388,86972,Yuba City,14.9,Yuba City city,4455.57,1036.0
Los Altos Hills,8517,43294,Los Altos Hills,8.94,Los Altos Hills town,952.68,
Monte Sereno,3492,48956,Monte Sereno,1.62,Monte Sereno city,2155.56,
Saratoga,30886,70280,Saratoga,12.77,Saratoga city,2418.64,
Sunnyvale,152323,77000,Sunnyvale,21.99,Sunnyvale city,6926.92,3920.0
Cotati,7470,16560,Cotati,1.88,Cotati city,3973.4,112.0
Forestville,3685,24960,Forestville,5.26,Forestville CDP,700.57,33.0
Graton,1877,30812,Graton,1.58,Graton CDP,1187.97,
Occidental,833,53266,Occidental,4.97,Occidental CDP,167.61,
Corning,7535,16322,Corning,3.55,Corning city,2122.54,360.0
Gridley,6585,31260,Gridley,2.08,Gridley city,3165.87,45.0
Tehama,445,78106,Tehama,0.79,Tehama city,563.29,
Casa de Oro-Mount Helix,19635,11691,Casa de Oro-Mount Helix,6.85,Casa de Oro-Mount Helix CDP,2866.42,
San Diego,1401932,66000,San Diego,325.59,San Diego city,4305.82,4747.0
Bradley,107,07974,Bradley,0.09,Bradley CDP,1188.89,93.0
King City,13834,38520,King City,3.9,King City city,3547.18,400.0
Salinas,156550,64224,Salinas,23.43,Salinas city,6681.6,1497.0
Fairfield,114101,23182,Fairfield,41.02,Fairfield city,2781.59,851.0
Alpine Village,155,01228,Alpine Village,2.8,Alpine Village CDP,55.36,
Kirkwood,76,38646,Kirkwood,4.36,Kirkwood CDP,17.43,
San Luis Obispo,47160,68154,San Luis Obispo,13.14,San Luis Obispo city,3589.04,1581.0
Edgewood,40,21530,Edgewood,1.02,Edgewood CDP,39.22,
Gazelle,46,29252,Gazelle,0.58,Gazelle CDP,79.31,17.0
Los Gatos,30922,44112,Los Gatos,11.41,Los Gatos town,2710.08,139.0
Loyola,3364,44378,Loyola,1.43,Loyola CDP,2352.45,
Stanford,15668,73906,Stanford,2.73,Stanford CDP,5739.19,
Alpine,15233,01192,Alpine,26.78,Alpine CDP,568.82,222.0
Camp Pendleton North,7903,10559,Camp Pendleton North,8.85,Camp Pendleton North CDP,892.99,
Dorris,868,19584,Dorris,0.7,Dorris city,1240.0,2.0
Cambria,5725,10074,Cambria,8.51,Cambria CDP,672.74,54.0
Pismo Beach,8116,57414,Pismo Beach,3.6,Pismo Beach city,2254.44,416.0
Tulelake,838,80686,Tulelake,0.41,Tulelake city,2043.9,81.0
Palo Alto,67019,55282,Palo Alto,23.87,Palo Alto city,2807.67,104.0
Shafter,18923,71106,Shafter,38.72,Shafter city,488.71,198.0
Valley Acres,617,81722,Valley Acres,4.12,Valley Acres CDP,149.76,
Martinez,38117,46114,Martinez,12.63,Martinez city,3017.97,
Mountain View,2066,49651,Mountain View,0.29,Mountain View CDP,7124.14,1130.0
Pittsburg,70492,57456,Pittsburg,17.34,Pittsburg city,4065.28,679.0
Walnut Creek,69007,83346,Walnut Creek,19.76,Walnut Creek city,3492.26,
China Lake Acres,1947,13157,China Lake Acres,5.21,China Lake Acres CDP,373.7,
Half Moon Bay,12706,31708,Half Moon Bay,6.43,Half Moon Bay city,1976.05,420.0
Los Banos,38119,44028,Los Banos,9.99,Los Banos city,3815.72,346.0
Atherton,7185,03092,Atherton,5.03,Atherton town,1428.43,
Daly City,106638,17918,Daly City,7.64,Daly City city,13957.85,501.0
Coulterville,38,16644,Coulterville,4.22,Coulterville CDP,9.0,87.0
Avila Beach,1273,03330,Avila Beach,6.01,Avila Beach CDP,211.81,163.0
University of California-Davis,7379,81302,University of California-Davis,1.46,University of California-Davis CDP,5054.11,
Westmorland,2643,84606,Westmorland,0.59,Westmorland city,4479.66,
Clayton,11967,13882,Clayton,3.84,Clayton city,3116.41,203.0
Concord,128758,16000,Concord,30.56,Concord city,4213.29,1412.0
Danville,44417,17988,Danville,18.08,Danville town,2456.69,
Discovery Bay,15981,19339,Discovery Bay,3.78,Discovery Bay CDP,4227.78,
Pacheco,4355,54764,Pacheco,0.74,Pacheco CDP,5885.14,744.0
San Ramon,75384,68378,San Ramon,18.69,San Ramon city,4033.39,
Amador City,167,01514,Amador City,0.31,Amador City city,538.71,
Sutter Creek,2538,77392,Sutter Creek,2.7,Sutter Creek city,940.0,
Clio,65,14106,Clio,0.58,Clio CDP,112.07,
C-Road,97,17267,C-Road,2.66,C-Road CDP,36.47,
East Shore,169,21138,East Shore,1.18,East Shore CDP,143.22,20.0
Greenhorn,254,31029,Greenhorn,6.71,Greenhorn CDP,37.85,
Anderson,10265,02042,Anderson,6.37,Anderson city,1611.46,691.0
Redding,91327,59920,Redding,59.65,Redding city,1531.05,2569.0
Diamond Springs,11989,19220,Diamond Springs,16.64,Diamond Springs CDP,720.49,421.0
Placerville,10860,57540,Placerville,5.84,Placerville city,1859.59,670.0
Pollock Pines,6905,58030,Pollock Pines,7.93,Pollock Pines CDP,870.74,460.0
Jackson,4694,36980,Jackson,3.59,Jackson city,1307.52,289.0
Plymouth,894,57834,Plymouth,2.64,Plymouth city,338.64,75.0
Bishop,3765,06798,Bishop,1.86,Bishop city,2024.19,994.0
Darwin,56,18030,Darwin,1.35,Darwin CDP,41.48,
Lone Pine,1837,42580,Lone Pine,19.03,Lone Pine CDP,96.53,160.0
Mesa,317,47013,Mesa,3.5,Mesa CDP,90.57,
Caribou,0,11166,Caribou,0.16,Caribou CDP,0.0,
Chester,2116,12930,Chester,7.29,Chester CDP,290.26,41.0
Hamilton Branch,612,31883,Hamilton Branch,1.09,Hamilton Branch CDP,561.47,
Lake Davis,65,39483,Lake Davis,5.44,Lake Davis CDP,11.95,
Spring Garden,13,73654,Spring Garden,0.65,Spring Garden CDP,20.0,
Whitehawk,66,85086,Whitehawk,2.58,Whitehawk CDP,25.58,
Manteca,77073,45484,Manteca,20.85,Manteca city,3696.55,734.0
Ripon,15367,61026,Ripon,5.26,Ripon city,2921.48,11.0
Taft Mosswood,951,77595,Taft Mosswood,0.47,Taft Mosswood CDP,2023.4,
Raisin City,389,59290,Raisin City,0.76,Raisin City CDP,511.84,
San Jose,1026658,68000,San Jose,177.1,San Jose city,5797.05,10667.0
San Martin,7010,68238,San Martin,11.6,San Martin CDP,604.31,
San Francisco,870044,67000,San Francisco,46.86,San Francisco city,18566.88,
Santa Clara,126209,69084,Santa Clara,18.4,Santa Clara city,6859.18,
Bonita,13324,07414,Bonita,5.01,Bonita CDP,2659.48,2.0
Harbison Canyon,4223,32044,Harbison Canyon,10.07,Harbison Canyon CDP,419.36,
Denair,5131,18856,Denair,2.09,Denair CDP,2455.02,120.0
Oakdale,22599,52694,Oakdale,6.18,Oakdale city,3656.8,479.0
Los Angeles,3959657,44000,Los Angeles,468.66,Los Angeles city,8448.89,169.0
Palos Verdes Estates,13523,55380,Palos Verdes Estates,4.77,Palos Verdes Estates city,2835.01,
Rolling Hills Estates,8187,62644,Rolling Hills Estates,3.57,Rolling Hills Estates city,2293.28,
Stanton,38509,73962,Stanton,3.1,Stanton city,12422.26,1301.0
Richgrove,2611,60606,Richgrove,0.45,Richgrove CDP,5802.22,
Laguna Beach,23147,39178,Laguna Beach,8.89,Laguna Beach city,2603.71,185.0
Placentia,52049,57526,Placentia,6.61,Placentia city,7874.28,595.0
Fairhaven,145,23196,Fairhaven,0.65,Fairhaven CDP,223.08,
Fort Dick,830,25086,Fort Dick,3.22,Fort Dick CDP,257.76,
Hoopa,3573,34540,Hoopa,20.41,Hoopa CDP,175.06,
Little Valley,18,41908,Little Valley,0.42,Little Valley CDP,42.86,
Pala,1143,55058,Pala,4.18,Pala CDP,273.44,
Westside,182,84863,Westside,2.22,Westside CDP,81.98,
Madison,563,45064,Madison,1.55,Madison CDP,363.23,
Mad River,432,45092,Mad River,35.42,Mad River CDP,12.2,10.0
Manchester,199,45386,Manchester,2.62,Manchester CDP,75.95,12.0
Manila,834,45414,Manila,0.7,Manila CDP,1191.43,
Marin City,3173,45820,Marin City,0.54,Marin City CDP,5875.93,
Martell,300,46100,Martell,2.4,Martell CDP,125.0,24.0
Matheny,1134,46223,Matheny,0.43,Matheny CDP,2637.21,
Mather,4408,46226,Mather,10.03,Mather CDP,439.48,
March ARB,1150,45680,March ARB,11.93,March ARB CDP,96.4,
Maxwell,1096,46338,Maxwell,2.15,Maxwell CDP,509.77,26.0
Mayfair,5091,46400,Mayfair,0.52,Mayfair CDP,9790.38,
Meadowbrook,3033,46520,Meadowbrook,6.72,Meadowbrook CDP,451.34,
Willows,6022,85684,Willows,2.84,Willows city,2120.42,71.0
Rosemead,54417,62896,Rosemead,5.16,Rosemead city,10545.93,235.0
South San Gabriel,8643,73276,South San Gabriel,0.83,South San Gabriel CDP,10413.25,
Aptos,5797,02378,Aptos,6.58,Aptos CDP,881.0,503.0
Boulder Creek,4712,07652,Boulder Creek,7.51,Boulder Creek CDP,627.43,40.0
Auburn,13946,03204,Auburn,7.18,Auburn city,1942.34,1006.0
Dollar Point,786,19455,Dollar Point,1.64,Dollar Point CDP,479.27,
Ducor,651,20032,Ducor,0.61,Ducor CDP,1067.21,
Exeter,10505,23126,Exeter,2.46,Exeter city,4270.33,190.0
Palm Desert,52124,55184,Palm Desert,26.81,Palm Desert city,1944.2,1064.0
Calipatria,7458,09878,Calipatria,3.7,Calipatria city,2015.68,
Palo Verde,85,55422,Palo Verde,0.59,Palo Verde CDP,144.07,105.0
Seeley,1699,70798,Seeley,1.32,Seeley CDP,1287.12,21.0
Bonadelle Ranchos-Madera Ranchos,8971,07379,Bonadelle Ranchos-Madera Ranchos,11.64,Bonadelle Ranchos-Madera Ranchos CDP,770.7,
Ione,7439,36672,Ione,4.58,Ione city,1624.24,534.0
Independence,542,36350,Independence,4.87,Independence CDP,111.29,48.0
Olancha,213,53490,Olancha,7.84,Olancha CDP,27.17,39.0
Pearsonville,29,56294,Pearsonville,4.14,Pearsonville CDP,7.0,
Tecopa,146,78050,Tecopa,18.59,Tecopa CDP,7.85,21.0
Cromberg,253,17288,Cromberg,9.03,Cromberg CDP,28.02,19.0
Graeagle,596,30560,Graeagle,11.07,Graeagle CDP,53.84,42.0
Indian Falls,54,36364,Indian Falls,1.84,Indian Falls CDP,29.35,
Plumas Eureka,333,57828,Plumas Eureka,3.97,Plumas Eureka CDP,83.88,
Prattville,28,58618,Prattville,0.6,Prattville CDP,46.67,1.0
Quincy,1895,59080,Quincy,4.22,Quincy CDP,449.05,234.0
South Dos Palos,1682,72954,South Dos Palos,1.53,South Dos Palos CDP,1099.35,
Jenner,32,37274,Jenner,2.11,Jenner CDP,15.17,5.0
Johnstonville,1185,37484,Johnstonville,8.36,Johnstonville CDP,141.75,
Junction City,688,37596,Junction City,27.9,Junction City CDP,24.66,31.0
June Lake,508,37624,June Lake,7.99,June Lake CDP,63.58,9.0
Kelly Ridge,2679,38024,Kelly Ridge,1.95,Kelly Ridge CDP,1373.85,
Kennedy Meadows,20,38076,Kennedy Meadows,5.82,Kennedy Meadows CDP,3.44,
Kenwood,800,38156,Kenwood,5.17,Kenwood CDP,154.74,
Big Bend,96,06475,Big Bend,5.73,Big Bend CDP,16.75,33.0
Palo Cedro,1151,55296,Palo Cedro,3.68,Palo Cedro CDP,312.77,9.0
Cobb,920,14302,Cobb,4.98,Cobb CDP,184.74,37.0
Myrtletown,5290,50188,Myrtletown,2.1,Myrtletown CDP,2519.05,
Pine Hills,3146,57204,Pine Hills,10.12,Pine Hills CDP,310.87,
Weaverville,3240,83794,Weaverville,10.42,Weaverville CDP,310.94,127.0
Julian,930,37582,Julian,7.89,Julian CDP,117.87,139.0
Pine Valley,1669,57260,Pine Valley,7.16,Pine Valley CDP,233.1,
Ramona,20260,59346,Ramona,38.43,Ramona CDP,527.19,616.0
Santee,57615,70224,Santee,16.54,Santee city,3483.37,2310.0
Vista,100108,82996,Vista,18.73,Vista city,5344.79,1927.0
Winter Gardens,23088,85992,Winter Gardens,4.42,Winter Gardens CDP,5223.53,
El Verano,3424,22510,El Verano,1.14,El Verano CDP,3003.51,
Kentfield,6930,38114,Kentfield,3.03,Kentfield CDP,2287.13,
Taft,9307,77574,Taft,15.26,Taft city,609.9,132.0
Santa Clarita,209478,69088,Santa Clarita,65.88,Santa Clarita city,3179.69,2110.0
Las Lomas,3755,40592,Las Lomas,1.04,Las Lomas CDP,3610.58,
Culver City,39295,17568,Culver City,5.11,Culver City city,7689.82,117.0
Mayflower Village,5822,46436,Mayflower Village,0.69,Mayflower Village CDP,8437.68,
Montebello,63099,48816,Montebello,8.33,Montebello city,7574.91,199.0
Pico Rivera,63432,56924,Pico Rivera,8.29,Pico Rivera city,7651.63,405.0
Signal Hill,11538,71876,Signal Hill,2.19,Signal Hill city,5268.49,
South Whittier,60096,73430,South Whittier,5.34,South Whittier CDP,11253.93,
Walnut Park,16034,83402,Walnut Park,0.75,Walnut Park CDP,21378.67,
Westlake Village,8424,84438,Westlake Village,5.18,Westlake Village city,1626.25,197.0
Willow Creek,1539,85642,Willow Creek,30.31,Willow Creek CDP,50.78,104.0
Nice,2393,51294,Nice,1.72,Nice CDP,1391.28,140.0
Upper Lake,1050,81358,Upper Lake,1.68,Upper Lake CDP,625.0,142.0
Fortuna,12117,25296,Fortuna,5.11,Fortuna city,2371.23,295.0
Trinidad,272,80448,Trinidad,0.48,Trinidad city,566.67,80.0
Westhaven-Moonstone,1084,84385,Westhaven-Moonstone,8.09,Westhaven-Moonstone CDP,133.99,
Bombay Beach,415,07372,Bombay Beach,0.94,Bombay Beach CDP,441.49,
Niland,515,51392,Niland,0.4,Niland CDP,1287.5,529.0
North Tustin,24736,52379,North Tustin,6.61,North Tustin CDP,3742.21,
Orosi,7441,54372,Orosi,2.45,Orosi CDP,3037.14,128.0
Rancho Cordova,72056,59444,Rancho Cordova,35.02,Rancho Cordova city,2057.57,561.0
Lamont,15222,40088,Lamont,4.59,Lamont CDP,3316.34,224.0
Pine Mountain Club,1803,57240,Pine Mountain Club,16.85,Pine Mountain Club CDP,107.0,
Norco,26569,51560,Norco,13.76,Norco city,1930.89,
Riverside,323935,62000,Riverside,81.25,Riverside city,3986.89,4159.0
Temecula,112230,78120,Temecula,37.27,Temecula city,3011.27,225.0
Gustine,5774,31568,Gustine,1.55,Gustine city,3725.16,115.0
Pacifica,39065,54806,Pacifica,12.66,Pacifica city,3085.7,93.0
Dustin Acres,590,20284,Dustin Acres,3.68,Dustin Acres CDP,160.33,
Ford City,4365,24764,Ford City,1.53,Ford City CDP,2852.94,
Kernville,1007,38310,Kernville,12.6,Kernville CDP,79.92,194.0
Lower Lake,1595,44350,Lower Lake,2.67,Lower Lake CDP,597.38,77.0
Lagunitas-Forest Knolls,1504,39283,Lagunitas-Forest Knolls,4.25,Lagunitas-Forest Knolls CDP,353.88,
Larkspur,12375,40438,Larkspur,3.03,Larkspur city,4084.16,20.0
Tomales,253,78890,Tomales,0.33,Tomales CDP,766.67,
Farmington,89,23630,Farmington,2.54,Farmington CDP,35.04,
Mission Viejo,96124,48256,Mission Viejo,17.7,Mission Viejo city,5430.73,
Amesti,2832,01651,Amesti,2.94,Amesti CDP,963.27,
Corralitos,2381,16434,Corralitos,8.99,Corralitos CDP,264.85,
Lodi,65006,42202,Lodi,13.67,Lodi city,4755.38,905.0
Freedom,3719,25576,Freedom,1.14,Freedom CDP,3262.28,55.0
Scotts Valley,11900,70588,Scotts Valley,4.62,Scotts Valley city,2575.76,529.0
Pleasanton,80847,57792,Pleasanton,24.15,Pleasanton city,3347.7,371.0
Covelo,1165,16728,Covelo,7.1,Covelo CDP,164.08,43.0
Ukiah,15946,81134,Ukiah,4.78,Ukiah city,3335.98,1086.0
Atwater,29197,03162,Atwater,6.09,Atwater city,4794.25,628.0
Oakland,421042,53000,Oakland,55.89,Oakland city,7533.4,49.0
Piedmont,11308,56938,Piedmont,1.7,Piedmont city,6651.76,
Del Rey,1498,18674,Del Rey,1.22,Del Rey CDP,1227.87,
Fowler,6364,25436,Fowler,2.52,Fowler city,2525.4,52.0
Kingsburg,11839,38562,Kingsburg,3.56,Kingsburg city,3325.56,224.0
Orange Cove,9564,54008,Orange Cove,1.79,Orange Cove city,5343.02,
Burbank,104275,08954,Burbank,17.32,Burbank city,6020.5,
Desert View Highlands,2496,19052,Desert View Highlands,0.44,Desert View Highlands CDP,5672.73,
East Los Angeles,119827,20802,East Los Angeles,7.45,East Los Angeles CDP,16084.16,
East Pasadena,5971,20984,East Pasadena,1.32,East Pasadena CDP,4523.48,
Kingvale,73,38604,Kingvale,0.96,Kingvale CDP,76.04,
Knights Landing,869,38800,Knights Landing,0.5,Knights Landing CDP,1738.0,16.0
Keswick,430,38352,Keswick,3.38,Keswick CDP,127.22,
Ladera,1465,39094,Ladera,0.46,Ladera CDP,3184.78,
Ladera Ranch,30288,39114,Ladera Ranch,4.91,Ladera Ranch CDP,6168.64,
La Honda,711,39318,La Honda,4.25,La Honda CDP,167.29,20.0
Lake California,3281,39460,Lake California,6.3,Lake California CDP,520.79,
Lake City,59,39472,Lake City,5.82,Lake City CDP,10.14,
Lake Don Pedro,1030,39484,Lake Don Pedro,12.56,Lake Don Pedro CDP,82.01,
Lakehead,617,39514,Lakehead,4.7,Lakehead CDP,131.28,50.0
Lake Hughes,587,39556,Lake Hughes,10.62,Lake Hughes CDP,55.27,21.0
Lake Mathews,6848,39645,Lake Mathews,15.93,Lake Mathews CDP,429.88,
Lake Riverside,1049,39715,Lake Riverside,7.29,Lake Riverside CDP,143.9,
Lake Sherwood,1835,39735,Lake Sherwood,3.14,Lake Sherwood CDP,584.39,
La Selva Beach,2917,40508,La Selva Beach,5.3,La Selva Beach CDP,550.38,
Las Flores (Orange County),5877,40526,Las Flores,2.22,Las Flores CDP,2647.3,
Las Flores (Tehama County),294,40536,Las Flores,0.36,Las Flores CDP,816.67,
La Vina,239,40872,La Vina,0.1,La Vina CDP,2390.0,
Lee Vining,89,40998,Lee Vining,5.22,Lee Vining CDP,17.05,95.0
Bethel Island,2010,06210,Bethel Island,5.25,Bethel Island CDP,382.86,426.0
Desert Hot Springs,28430,18996,Desert Hot Springs,30.22,Desert Hot Springs city,940.77,3277.0
Friant,548,27014,Friant,1.25,Friant CDP,438.4,32.0
Sunol,962,77042,Sunol,28.01,Sunol CDP,34.34,
Union City,74601,81204,Union City,19.4,Union City city,3845.41,896.0
Caruthers,2773,11614,Caruthers,2.02,Caruthers CDP,1372.77,
Riverdale,3625,61096,Riverdale,3.93,Riverdale CDP,922.39,25.0
Selma,24598,70882,Selma,5.16,Selma city,4767.05,366.0
Davis,67988,18100,Davis,9.89,Davis city,6874.42,531.0
Sierra Brooks,299,71774,Sierra Brooks,1.37,Sierra Brooks CDP,218.25,
Sierra City,152,71778,Sierra City,2.15,Sierra City CDP,70.7,
Sierra Village,330,71834,Sierra Village,2.52,Sierra Village CDP,130.95,
Sierraville,103,71848,Sierraville,5.02,Sierraville CDP,20.52,
Silverado Resort,937,71927,Silverado Resort,1.89,Silverado Resort CDP,495.77,
Silver City,0,71932,Silver City,0.58,Silver City CDP,0.0,
Silver Lakes,5966,71964,Silver Lakes,5.17,Silver Lakes CDP,1153.97,
Sisquoc,148,72086,Sisquoc,2.23,Sisquoc CDP,66.37,
Sky Valley,2430,72156,Sky Valley,24.32,Sky Valley CDP,99.92,
Sleepy Hollow,2200,72184,Sleepy Hollow,2.99,Sleepy Hollow CDP,735.79,
Smartsville,163,72282,Smartsville,0.72,Smartsville CDP,226.39,
Smith Corner,664,72338,Smith Corner,0.22,Smith Corner CDP,3018.18,
Smith River,632,72380,Smith River,3.97,Smith River CDP,159.19,229.0
Snelling,101,72408,Snelling,0.54,Snelling CDP,187.04,77.0
Soda Bay,941,72478,Soda Bay,1.28,Soda Bay CDP,735.16,
Soda Springs,21,72492,Soda Springs,0.34,Soda Springs CDP,61.76,
South Monrovia Island,7192,73167,South Monrovia Island,0.55,South Monrovia Island CDP,13076.36,
Spaulding,110,73554,Spaulding,3.33,Spaulding CDP,33.03,
Spring Valley (Lake County),1081,73690,Spring Valley,4.93,Spring Valley CDP,219.27,
Spring Valley (San Diego County),31591,73696,Spring Valley,7.34,Spring Valley CDP,4303.95,
Spring Valley Lake,7744,73700,Spring Valley Lake,3.03,Spring Valley Lake CDP,2555.78,
Stevenson Ranch,19364,74130,Stevenson Ranch,6.36,Stevenson Ranch CDP,3044.65,
Stevinson,331,74144,Stevinson,1.13,Stevinson CDP,292.92,
Stirling City,307,74186,Stirling City,1.18,Stirling City CDP,260.17,
Stonyford,136,75154,Stonyford,2.9,Stonyford CDP,46.9,7.0
Strawberry (Marin County),5759,75315,Strawberry,1.33,Strawberry CDP,4330.08,
Strawberry (Tuolumne County),5,75322,Strawberry,0.52,Strawberry CDP,9.62,
Sugarloaf Mountain Park,0,75588,Sugarloaf Mountain Park,0.11,Sugarloaf Mountain Park CDP,0.0,
Sugarloaf Saw Mill,0,75592,Sugarloaf Saw Mill,0.1,Sugarloaf Saw Mill CDP,0.0,
Sugarloaf Village,10,75596,Sugarloaf Village,0.07,Sugarloaf Village CDP,142.86,
Sultana,1030,75672,Sultana,0.44,Sultana CDP,2340.91,
Sunnyside,4451,75994,Sunnyside,1.91,Sunnyside CDP,2330.37,
Sunny Slopes,80,76040,Sunny Slopes,1.88,Sunny Slopes CDP,42.55,
Sun Village,13516,77308,Sun Village,10.8,Sun Village CDP,1251.48,
Swall Meadows,218,77430,Swall Meadows,4.46,Swall Meadows CDP,48.88,
Tahoma,867,77728,Tahoma,2.59,Tahoma CDP,334.75,
Tarpey Village,3390,77960,Tarpey Village,0.79,Tarpey Village CDP,4291.14,
Terminous,411,78232,Terminous,0.98,Terminous CDP,419.39,
Hidden Meadows,3386,33532,Hidden Meadows,6.59,Hidden Meadows CDP,513.81,
Jamul,5384,37120,Jamul,16.83,Jamul CDP,319.9,115.0
La Mesa,59562,40004,La Mesa,9.09,La Mesa city,6552.48,345.0
Aromas,2553,02812,Aromas,4.74,Aromas CDP,538.61,1.0
Boronda,1066,07578,Boronda,0.57,Boronda CDP,1870.18,
Gonzales,8402,30392,Gonzales,1.89,Gonzales city,4445.5,14.0
Marina,21608,45778,Marina,8.89,Marina city,2430.6,399.0
Pajaro,3561,55044,Pajaro,0.93,Pajaro CDP,3829.03,
Vacaville,97943,81554,Vacaville,29.22,Vacaville city,3351.92,1090.0
Coto de Caza,14931,16580,Coto de Caza,7.72,Coto de Caza CDP,1934.07,
La Palma,15733,40256,La Palma,1.78,La Palma city,8838.76,
Newport Beach,86280,51182,Newport Beach,23.82,Newport Beach city,3622.17,795.0
San Clemente,65045,65084,San Clemente,18.36,San Clemente city,3542.76,413.0
Loma Rica,3088,42412,Loma Rica,18.49,Loma Rica CDP,167.01,
Berkeley,120926,06000,Berkeley,10.47,Berkeley city,11549.76,
Fremont,233083,26000,Fremont,77.46,Fremont city,3009.08,732.0
Auberry,2476,03190,Auberry,19.15,Auberry CDP,129.3,112.0
Firebaugh,8295,24134,Firebaugh,3.52,Firebaugh city,2356.53,98.0
Squaw Valley,3449,73794,Squaw Valley,56.56,Squaw Valley CDP,60.98,
Avocado Heights,15903,03344,Avocado Heights,2.71,Avocado Heights CDP,5868.27,
Bellflower,77529,04982,Bellflower,6.12,Bellflower city,12668.14,1423.0
Calabasas,24077,09598,Calabasas,13.68,Calabasas city,1760.01,224.0
Arden-Arcade,100548,02553,Arden-Arcade,17.85,Arden-Arcade CDP,5632.94,
Citrus Heights,87061,13588,Citrus Heights,14.23,Citrus Heights city,6118.13,1886.0
Gold River,7523,30345,Gold River,2.66,Gold River CDP,2828.2,
Wilton,5307,85880,Wilton,29.0,Wilton CDP,183.0,42.0
Mesa Vista,278,47086,Mesa Vista,4.88,Mesa Vista CDP,56.97,
Cayucos,2692,12132,Cayucos,3.1,Cayucos CDP,868.39,104.0
Templeton,7938,78162,Templeton,7.89,Templeton CDP,1006.08,156.0
Dunsmuir,1589,20242,Dunsmuir,1.6,Dunsmuir city,993.12,118.0
Greenview,283,31134,Greenview,1.3,Greenview CDP,217.69,
Macdoel,105,44812,Macdoel,0.15,Macdoel CDP,700.0,
Weed,2677,83850,Weed,4.78,Weed city,560.04,143.0
Cambrian Park,3094,10088,Cambrian Park,0.6,Cambrian Park CDP,5156.67,
Campbell,42470,10345,Campbell,6.08,Campbell city,6985.2,243.0
Cupertino,60614,17610,Cupertino,11.31,Cupertino city,5359.33,
Gilroy,55525,29504,Gilroy,16.47,Gilroy city,3371.28,349.0
Larkfield-Wikiup,8926,40426,Larkfield-Wikiup,5.31,Larkfield-Wikiup CDP,1680.98,
Chino Hills,79298,13214,Chino Hills,44.68,Chino Hills city,1774.8,632.0
Fontana,208943,24680,Fontana,43.08,Fontana city,4850.12,1423.0
Rancho Cucamonga,175679,59451,Rancho Cucamonga,40.12,Rancho Cucamonga city,4378.84,1356.0
Upland,76382,81344,Upland,15.61,Upland city,4893.15,865.0
Mono Vista,3504,48641,Mono Vista,2.84,Mono Vista CDP,1233.8,
East Quincy,2622,21026,East Quincy,12.11,East Quincy CDP,216.52,51.0
Johnsville,0,37512,Johnsville,13.76,Johnsville CDP,0.0,
Keddie,41,37904,Keddie,0.66,Keddie CDP,62.12,
Madera Acres,9946,45050,Madera Acres,7.28,Madera Acres CDP,1366.21,
Parkwood,1853,55842,Parkwood,0.7,Parkwood CDP,2647.14,
Mokelumne Hill,637,48480,Mokelumne Hill,3.08,Mokelumne Hill CDP,206.82,
Rail Road Flat,283,59220,Rail Road Flat,33.01,Rail Road Flat CDP,8.57,
East Sonora,2189,21188,East Sonora,2.48,East Sonora CDP,882.66,
North Edwards,944,51812,North Edwards,12.75,North Edwards CDP,74.04,
Fellows,49,23812,Fellows,0.69,Fellows CDP,71.01,
Maricopa,1175,45736,Maricopa,1.5,Maricopa city,783.33,
Ridgecrest,28736,60704,Ridgecrest,20.88,Ridgecrest city,1376.25,1078.0
Tupman,186,80784,Tupman,0.53,Tupman CDP,350.94,
Weldon,2181,83948,Weldon,26.66,Weldon CDP,81.81,
Meiners Oaks,3508,46702,Meiners Oaks,1.41,Meiners Oaks CDP,2487.94,
Oak View,4720,53182,Oak View,1.96,Oak View CDP,2408.16,101.0
Piru,2019,57372,Piru,2.81,Piru CDP,718.51,9.0
Blue Lake,981,07162,Blue Lake,0.59,Blue Lake city,1662.71,41.0
Cutten,3029,17722,Cutten,1.29,Cutten CDP,2348.06,
Ferndale,1365,23910,Ferndale,1.03,Ferndale city,1325.24,13.0
Hydesville,978,36126,Hydesville,7.5,Hydesville CDP,130.4,37.0
Antioch,110730,02252,Antioch,29.35,Antioch city,3772.74,379.0
Clyde,676,14232,Clyde,0.14,Clyde CDP,4828.57,
Kensington,5415,38086,Kensington,0.95,Kensington CDP,5700.0,
Knightsen,1500,38772,Knightsen,8.36,Knightsen CDP,179.43,
Orinda,19431,54232,Orinda,12.85,Orinda city,1512.14,
Lake Isabella,3454,39570,Lake Isabella,21.71,Lake Isabella CDP,159.1,298.0
Bear Valley (Mariposa County),203,04730,Bear Valley,7.24,Bear Valley CDP,28.04,
Bella Vista,2614,04926,Bella Vista,22.2,Bella Vista CDP,117.75,
Big Creek,188,06518,Big Creek,0.46,Big Creek CDP,408.7,
Big Lagoon,118,06567,Big Lagoon,0.6,Big Lagoon CDP,196.67,
Blackhawk,9860,06928,Blackhawk,5.8,Blackhawk CDP,1700.0,
Blacklake,892,06935,Blacklake,1.05,Blacklake CDP,849.52,
Boonville,852,07512,Boonville,5.54,Boonville CDP,153.79,7.0
Bloomfield,387,07036,Bloomfield,8.14,Bloomfield CDP,47.54,
Citrus,10771,13560,Citrus,0.89,Citrus CDP,12102.25,
Grenada,477,31246,Grenada,0.52,Grenada CDP,917.31,
Norwalk,105886,52526,Norwalk,9.71,Norwalk city,10904.84,441.0
Taft Heights,2424,77588,Taft Heights,0.3,Taft Heights CDP,8080.0,
Biola,1451,06728,Biola,0.53,Biola CDP,2737.74,
Santa Cruz,64273,69112,Santa Cruz,12.74,Santa Cruz city,5044.98,2026.0
Ceres,47975,12524,Ceres,9.36,Ceres city,5125.53,949.0
Hawaiian Gardens,14411,32506,Hawaiian Gardens,0.95,Hawaiian Gardens city,15169.47,247.0
La Puente,40268,40340,La Puente,3.48,La Puente city,11571.26,871.0
Monterey Park,60792,48914,Monterey Park,7.67,Monterey Park city,7925.95,25.0
Paramount,54776,55618,Paramount,4.73,Paramount city,11580.55,1418.0
San Fernando,24585,66140,San Fernando,2.37,San Fernando city,10373.42,76.0
Santa Monica,92078,70000,Santa Monica,8.42,Santa Monica city,10935.63,10.0
South El Monte,20727,72996,South El Monte,2.84,South El Monte city,7298.24,
South Gate,95103,73080,South Gate,7.24,South Gate city,13135.77,239.0
South Pasadena,25824,73220,South Pasadena,3.41,South Pasadena city,7573.02,
West Covina,107242,84200,West Covina,16.04,West Covina city,6685.91,265.0
West Hollywood,36384,84410,West Hollywood,1.89,West Hollywood city,19250.79,
Garden Grove,174010,29000,Garden Grove,17.96,Garden Grove city,9688.75,1489.0
Laguna Niguel,65652,39248,Laguna Niguel,14.74,Laguna Niguel city,4454.0,
Yorba Linda,67815,86832,Yorba Linda,19.84,Yorba Linda city,3418.09,290.0
Challenge-Brownsville,864,12612,Challenge-Brownsville,9.7,Challenge-Brownsville CDP,89.07,
Linda,19314,41572,Linda,8.58,Linda CDP,2251.05,
Wheatland,3747,85012,Wheatland,8.12,Wheatland city,461.45,60.0
Santa Maria,105483,69196,Santa Maria,22.78,Santa Maria city,4630.51,2201.0
Buellton,5092,08758,Buellton,1.58,Buellton city,3222.78,308.0
Guadalupe,7350,31414,Guadalupe,1.31,Guadalupe city,5610.69,
Santa Barbara,91325,69070,Santa Barbara,19.5,Santa Barbara city,4683.33,1388.0
Fall River Mills,273,23532,Fall River Mills,2.59,Fall River Mills CDP,105.41,
French Gulch,441,26056,French Gulch,12.33,French Gulch CDP,35.77,85.0
Montgomery Creek,61,48998,Montgomery Creek,3.25,Montgomery Creek CDP,18.77,7.0
Shasta Lake,10142,71225,Shasta Lake,10.92,Shasta Lake city,928.75,251.0
Vincent,17008,82815,Vincent,1.47,Vincent CDP,11570.07,
Temescal Valley,26709,78138,Temescal Valley,19.34,Temescal Valley CDP,1381.02,
Whitewater,976,85208,Whitewater,9.88,Whitewater CDP,98.79,
Pleasure Point,6277,57825,Pleasure Point,0.75,Pleasure Point CDP,8369.33,
Contra Costa Centre,6497,16090,Contra Costa Centre,0.64,Contra Costa Centre CDP,10151.56,
Esparto,3783,22846,Esparto,4.6,Esparto CDP,822.39,90.0
Aptos Hills-Larkin Valley,1993,02382,Aptos Hills-Larkin Valley,9.26,Aptos Hills-Larkin Valley CDP,215.23,
Ben Lomond,7071,05332,Ben Lomond,8.36,Ben Lomond CDP,845.81,46.0
Capitola,10135,11040,Capitola,1.59,Capitola city,6374.21,679.0
Lanare,234,40116,Lanare,2.02,Lanare CDP,115.84,
Laton,2166,40746,Laton,1.94,Laton CDP,1116.49,
Mendota,11393,46828,Mendota,3.3,Mendota city,3452.42,35.0
Tranquillity,839,80266,Tranquillity,0.62,Tranquillity CDP,1353.23,
Bell Gardens,42641,04996,Bell Gardens,2.46,Bell Gardens city,17333.74,412.0
Beverly Hills,34362,06308,Beverly Hills,5.71,Beverly Hills city,6017.86,
Covina,48403,16742,Covina,7.03,Covina city,6885.21,884.0
Del Aire,10065,18352,Del Aire,1.01,Del Aire CDP,9965.35,
Downey,112901,19766,Downey,12.41,Downey city,9097.58,190.0
Glendale,200372,30000,Glendale,30.47,Glendale city,6576.04,
